{"images":[{"file_name":"1445-03_clipSB_avi_0.jpg","height":700,"width":800,"id":1},{"file_name":"EAD2020_frameOnly_01156.jpg","height":512,"width":512,"id":2},{"file_name":"EAD2020_frameOnly_01413.jpg","height":512,"width":512,"id":3},{"file_name":"EAD2020_frameOnly_01516.jpg","height":442,"width":459,"id":4},{"file_name":"EAD2020_frameOnly_01846.jpg","height":512,"width":512,"id":5},{"file_name":"EAD2020_frameOnly_01888.jpg","height":512,"width":512,"id":6},{"file_name":"EAD2020_frameOnly_01920.jpg","height":512,"width":512,"id":7},{"file_name":"EAD2020_frameOnly_01942.jpg","height":512,"width":512,"id":8},{"file_name":"EAD2020_frameOnly_01947.jpg","height":512,"width":512,"id":9},{"file_name":"EAD2020_frameOnly_01948.jpg","height":512,"width":512,"id":10},{"file_name":"EAD2020_frameOnly_01951.jpg","height":512,"width":512,"id":11},{"file_name":"EAD2020_frameOnly_02048.jpg","height":560,"width":496,"id":12},{"file_name":"EAD2020_frameOnly_02049.jpg","height":560,"width":496,"id":13},{"file_name":"EAD2020_frameOnly_02050.jpg","height":560,"width":496,"id":14},{"file_name":"EAD2020_frameOnly_02051.jpg","height":560,"width":496,"id":15},{"file_name":"EAD2020_frameOnly_02052.jpg","height":560,"width":496,"id":16},{"file_name":"1445-03_clipSB_avi_3.jpg","height":700,"width":800,"id":17},{"file_name":"1445-03_clipSB_avi_42.jpg","height":700,"width":800,"id":18},{"file_name":"1445-03_clipSB_avi_45.jpg","height":700,"width":800,"id":19},{"file_name":"1445-03_clipSB_avi_5.jpg","height":700,"width":800,"id":20},{"file_name":"1445-03_clipSB_avi_61.jpg","height":700,"width":800,"id":21},{"file_name":"EAD2020_frameOnly_01148.jpg","height":512,"width":512,"id":22},{"file_name":"EAD2020_frameOnly_02053.jpg","height":560,"width":496,"id":23},{"file_name":"EAD2020_frameOnly_02054.jpg","height":560,"width":496,"id":24},{"file_name":"EAD2020_frameOnly_02055.jpg","height":560,"width":496,"id":25},{"file_name":"EAD2020_frameOnly_02056.jpg","height":560,"width":496,"id":26},{"file_name":"EAD2020_frameOnly_02057.jpg","height":560,"width":496,"id":27},{"file_name":"EAD2020_frameOnly_02058.jpg","height":560,"width":496,"id":28},{"file_name":"EAD2020_frameOnly_02059.jpg","height":560,"width":496,"id":29},{"file_name":"EAD2020_frameOnly_02159.jpg","height":288,"width":384,"id":30},{"file_name":"EAD2020_frameOnly_02160.jpg","height":288,"width":384,"id":31},{"file_name":"EAD2020_frameOnly_02161.jpg","height":288,"width":384,"id":32},{"file_name":"EAD2020_MP10051.jpg","height":242,"width":259,"id":33},{"file_name":"EAD2020_MP10057.jpg","height":243,"width":259,"id":34},{"file_name":"EAD2020_MP10058.jpg","height":243,"width":259,"id":35},{"file_name":"EAD2020_MP10059.jpg","height":243,"width":259,"id":36},{"file_name":"EAD2020_MP10060.jpg","height":243,"width":259,"id":37},{"file_name":"EDD2020_M144520000.jpg","height":700,"width":800,"id":38},{"file_name":"EDD2020_M144520001.jpg","height":700,"width":800,"id":39},{"file_name":"Pylseg4_000178.jpg","height":540,"width":675,"id":40},{"file_name":"Pylseg4_000186.jpg","height":540,"width":675,"id":41},{"file_name":"Pylseg4_000188.jpg","height":540,"width":675,"id":42},{"file_name":"Pylseg4_000189.jpg","height":540,"width":675,"id":43},{"file_name":"Pylseg4_000191.jpg","height":540,"width":675,"id":44},{"file_name":"Pylseg4_000192.jpg","height":540,"width":675,"id":45},{"file_name":"Pylseg4_000193.jpg","height":540,"width":675,"id":46},{"file_name":"Pylseg4_000195.jpg","height":540,"width":675,"id":47},{"file_name":"EAD2020_frameOnly_01206.jpg","height":512,"width":512,"id":48},{"file_name":"EAD2020_frameOnly_01207.jpg","height":512,"width":512,"id":49},{"file_name":"EAD2020_frameOnly_01208.jpg","height":512,"width":512,"id":50},{"file_name":"EAD2020_frameOnly_01212.jpg","height":512,"width":512,"id":51},{"file_name":"EAD2020_frameOnly_01219.jpg","height":512,"width":512,"id":52},{"file_name":"EAD2020_frameOnly_01232.jpg","height":512,"width":512,"id":53},{"file_name":"EAD2020_frameOnly_01235.jpg","height":512,"width":512,"id":54},{"file_name":"EAD2020_frameOnly_01239.jpg","height":512,"width":512,"id":55},{"file_name":"EAD2020_frameOnly_01892.jpg","height":808,"width":1081,"id":56},{"file_name":"EAD2020_frameOnly_01897.jpg","height":808,"width":1081,"id":57},{"file_name":"EAD2020_frameOnly_01901.jpg","height":808,"width":1081,"id":58},{"file_name":"EAD2020_frameOnly_01943.jpg","height":512,"width":512,"id":59},{"file_name":"EAD2020_frameOnly_01949.jpg","height":512,"width":512,"id":60},{"file_name":"EAD2020_frameOnly_01955.jpg","height":576,"width":768,"id":61},{"file_name":"EAD2020_frameOnly_01956.jpg","height":576,"width":768,"id":62},{"file_name":"EAD2020_frameOnly_01957.jpg","height":576,"width":768,"id":63},{"file_name":"EAD2020_frameOnly_01958.jpg","height":576,"width":768,"id":64},{"file_name":"EAD2020_frameOnly_01959.jpg","height":576,"width":768,"id":65},{"file_name":"EAD2020_frameOnly_01960.jpg","height":576,"width":768,"id":66},{"file_name":"EAD2020_frameOnly_01961.jpg","height":576,"width":768,"id":67},{"file_name":"EAD2020_frameOnly_01962.jpg","height":576,"width":768,"id":68},{"file_name":"EAD2020_frameOnly_02103.jpg","height":576,"width":768,"id":69},{"file_name":"EAD2020_frameOnly_02104.jpg","height":576,"width":768,"id":70},{"file_name":"EAD2020_frameOnly_02105.jpg","height":576,"width":768,"id":71},{"file_name":"EAD2020_frameOnly_02118.jpg","height":576,"width":768,"id":72},{"file_name":"EAD2020_frameOnly_02119.jpg","height":576,"width":768,"id":73},{"file_name":"EAD2020_frameOnly_02120.jpg","height":576,"width":768,"id":74},{"file_name":"EAD2020_frameOnly_02121.jpg","height":576,"width":768,"id":75},{"file_name":"EAD2020_frameOnly_02122.jpg","height":576,"width":768,"id":76},{"file_name":"EAD2020_frameOnly_02123.jpg","height":576,"width":768,"id":77},{"file_name":"EAD2020_frameOnly_02124.jpg","height":576,"width":768,"id":78},{"file_name":"EAD2020_frameOnly_02125.jpg","height":576,"width":768,"id":79},{"file_name":"EAD2020_frameOnly_02126.jpg","height":576,"width":768,"id":80},{"file_name":"EAD2020_frameOnly_02127.jpg","height":576,"width":768,"id":81},{"file_name":"EAD2020_frameOnly_02128.jpg","height":576,"width":768,"id":82},{"file_name":"EAD2020_frameOnly_02129.jpg","height":576,"width":768,"id":83},{"file_name":"EAD2020_frameOnly_02130.jpg","height":576,"width":768,"id":84},{"file_name":"EAD2020_MP10023.jpg","height":715,"width":1234,"id":85},{"file_name":"EAD2020_frameOnly_01859.jpg","height":1079,"width":1349,"id":86},{"file_name":"EAD2020_frameOnly_01862.jpg","height":1079,"width":1349,"id":87},{"file_name":"EAD2020_MP10024.jpg","height":715,"width":1234,"id":88},{"file_name":"EAD2020_frameOnly_01339.jpg","height":512,"width":512,"id":89},{"file_name":"EAD2020_MP10094.jpg","height":1024,"width":1167,"id":90},{"file_name":"EAD2020_MP10095.jpg","height":1024,"width":1167,"id":91},{"file_name":"EAD2020_frameOnly_01337.jpg","height":512,"width":512,"id":92},{"file_name":"EAD2020_frameOnly_01330.jpg","height":512,"width":512,"id":93},{"file_name":"EAD2020_MP10025.jpg","height":576,"width":720,"id":94},{"file_name":"EAD2020_MP10029.jpg","height":576,"width":720,"id":95},{"file_name":"EAD2020_MP10026.jpg","height":576,"width":720,"id":96},{"file_name":"EAD2020_MP10030.jpg","height":576,"width":720,"id":97},{"file_name":"EAD2020_MP10031.jpg","height":576,"width":720,"id":98},{"file_name":"EAD2020_MP10032.jpg","height":576,"width":720,"id":99},{"file_name":"EAD2020_MP10033.jpg","height":1079,"width":1246,"id":100}],"type":"instances","annotations":[{"segmentation":[[82,448,116,448,116,481,82,481]],"area":1122,"iscrowd":0,"image_id":1,"bbox":[82,448,34,33],"category_id":1,"id":1,"ignore":0},{"segmentation":[[98,394,141,394,141,434,98,434]],"area":1720,"iscrowd":0,"image_id":1,"bbox":[98,394,43,40],"category_id":1,"id":2,"ignore":0},{"segmentation":[[8,259,97,259,97,405,8,405]],"area":12994,"iscrowd":0,"image_id":1,"bbox":[8,259,89,146],"category_id":1,"id":3,"ignore":0},{"segmentation":[[289,206,320,206,320,237,289,237]],"area":961,"iscrowd":0,"image_id":2,"bbox":[289,206,31,31],"category_id":1,"id":1,"ignore":0},{"segmentation":[[160,255,259,255,259,384,160,384]],"area":12771,"iscrowd":0,"image_id":2,"bbox":[160,255,99,129],"category_id":1,"id":2,"ignore":0},{"segmentation":[[93,209,168,209,168,256,93,256]],"area":3525,"iscrowd":0,"image_id":2,"bbox":[93,209,75,47],"category_id":1,"id":3,"ignore":0},{"segmentation":[[162,106,208,106,208,190,162,190]],"area":3864,"iscrowd":0,"image_id":2,"bbox":[162,106,46,84],"category_id":1,"id":4,"ignore":0},{"segmentation":[[203,258,240,258,240,301,203,301]],"area":1591,"iscrowd":0,"image_id":3,"bbox":[203,258,37,43],"category_id":1,"id":1,"ignore":0},{"segmentation":[[234,227,272,227,272,262,234,262]],"area":1330,"iscrowd":0,"image_id":3,"bbox":[234,227,38,35],"category_id":1,"id":2,"ignore":0},{"segmentation":[[265,442,320,442,320,494,265,494]],"area":2860,"iscrowd":0,"image_id":3,"bbox":[265,442,55,52],"category_id":1,"id":3,"ignore":0},{"segmentation":[[337,249,427,249,427,309,337,309]],"area":5400,"iscrowd":0,"image_id":3,"bbox":[337,249,90,60],"category_id":1,"id":4,"ignore":0},{"segmentation":[[194,244,428,244,428,420,194,420]],"area":41184,"iscrowd":0,"image_id":4,"bbox":[194,244,234,176],"category_id":1,"id":1,"ignore":0},{"segmentation":[[40,102,229,102,229,271,40,271]],"area":31941,"iscrowd":0,"image_id":4,"bbox":[40,102,189,169],"category_id":1,"id":2,"ignore":0},{"segmentation":[[68,310,118,310,118,354,68,354]],"area":2200,"iscrowd":0,"image_id":4,"bbox":[68,310,50,44],"category_id":1,"id":3,"ignore":0},{"segmentation":[[257,315,290,315,290,339,257,339]],"area":792,"iscrowd":0,"image_id":5,"bbox":[257,315,33,24],"category_id":1,"id":1,"ignore":0},{"segmentation":[[267,271,291,271,291,288,267,288]],"area":408,"iscrowd":0,"image_id":5,"bbox":[267,271,24,17],"category_id":1,"id":2,"ignore":0},{"segmentation":[[283,294,312,294,312,310,283,310]],"area":464,"iscrowd":0,"image_id":5,"bbox":[283,294,29,16],"category_id":1,"id":3,"ignore":0},{"segmentation":[[332,268,353,268,353,288,332,288]],"area":420,"iscrowd":0,"image_id":5,"bbox":[332,268,21,20],"category_id":1,"id":4,"ignore":0},{"segmentation":[[356,212,370,212,370,224,356,224]],"area":168,"iscrowd":0,"image_id":5,"bbox":[356,212,14,12],"category_id":1,"id":5,"ignore":0},{"segmentation":[[364,307,388,307,388,333,364,333]],"area":624,"iscrowd":0,"image_id":5,"bbox":[364,307,24,26],"category_id":1,"id":6,"ignore":0},{"segmentation":[[291,423,327,423,327,474,291,474]],"area":1836,"iscrowd":0,"image_id":6,"bbox":[291,423,36,51],"category_id":1,"id":1,"ignore":0},{"segmentation":[[270,384,290,384,290,406,270,406]],"area":440,"iscrowd":0,"image_id":6,"bbox":[270,384,20,22],"category_id":1,"id":2,"ignore":0},{"segmentation":[[310,393,343,393,343,419,310,419]],"area":858,"iscrowd":0,"image_id":6,"bbox":[310,393,33,26],"category_id":1,"id":3,"ignore":0},{"segmentation":[[263,216,291,216,291,254,263,254]],"area":1064,"iscrowd":0,"image_id":6,"bbox":[263,216,28,38],"category_id":1,"id":4,"ignore":0},{"segmentation":[[301,181,348,181,348,210,301,210]],"area":1363,"iscrowd":0,"image_id":6,"bbox":[301,181,47,29],"category_id":1,"id":5,"ignore":0},{"segmentation":[[149,476,174,476,174,501,149,501]],"area":625,"iscrowd":0,"image_id":7,"bbox":[149,476,25,25],"category_id":1,"id":1,"ignore":0},{"segmentation":[[125,488,146,488,146,505,125,505]],"area":357,"iscrowd":0,"image_id":7,"bbox":[125,488,21,17],"category_id":1,"id":2,"ignore":0},{"segmentation":[[102,452,127,452,127,481,102,481]],"area":725,"iscrowd":0,"image_id":7,"bbox":[102,452,25,29],"category_id":1,"id":3,"ignore":0},{"segmentation":[[49,410,78,410,78,429,49,429]],"area":551,"iscrowd":0,"image_id":7,"bbox":[49,410,29,19],"category_id":1,"id":4,"ignore":0},{"segmentation":[[42,428,69,428,69,450,42,450]],"area":594,"iscrowd":0,"image_id":7,"bbox":[42,428,27,22],"category_id":1,"id":5,"ignore":0},{"segmentation":[[77,426,101,426,101,440,77,440]],"area":336,"iscrowd":0,"image_id":7,"bbox":[77,426,24,14],"category_id":1,"id":6,"ignore":0},{"segmentation":[[120,435,140,435,140,446,120,446]],"area":220,"iscrowd":0,"image_id":7,"bbox":[120,435,20,11],"category_id":1,"id":7,"ignore":0},{"segmentation":[[147,440,183,440,183,464,147,464]],"area":864,"iscrowd":0,"image_id":7,"bbox":[147,440,36,24],"category_id":1,"id":8,"ignore":0},{"segmentation":[[244,470,267,470,267,488,244,488]],"area":414,"iscrowd":0,"image_id":7,"bbox":[244,470,23,18],"category_id":1,"id":9,"ignore":0},{"segmentation":[[258,433,284,433,284,459,258,459]],"area":676,"iscrowd":0,"image_id":7,"bbox":[258,433,26,26],"category_id":1,"id":10,"ignore":0},{"segmentation":[[325,417,350,417,350,434,325,434]],"area":425,"iscrowd":0,"image_id":7,"bbox":[325,417,25,17],"category_id":1,"id":11,"ignore":0},{"segmentation":[[377,473,403,473,403,491,377,491]],"area":468,"iscrowd":0,"image_id":7,"bbox":[377,473,26,18],"category_id":1,"id":12,"ignore":0},{"segmentation":[[287,138,318,138,318,154,287,154]],"area":496,"iscrowd":0,"image_id":7,"bbox":[287,138,31,16],"category_id":1,"id":13,"ignore":0},{"segmentation":[[260,100,284,100,284,123,260,123]],"area":552,"iscrowd":0,"image_id":7,"bbox":[260,100,24,23],"category_id":1,"id":14,"ignore":0},{"segmentation":[[282,78,307,78,307,99,282,99]],"area":525,"iscrowd":0,"image_id":7,"bbox":[282,78,25,21],"category_id":1,"id":15,"ignore":0},{"segmentation":[[306,90,334,90,334,121,306,121]],"area":868,"iscrowd":0,"image_id":7,"bbox":[306,90,28,31],"category_id":1,"id":16,"ignore":0},{"segmentation":[[219,351,250,351,250,370,219,370]],"area":589,"iscrowd":0,"image_id":7,"bbox":[219,351,31,19],"category_id":1,"id":17,"ignore":0},{"segmentation":[[158,378,188,378,188,400,158,400]],"area":660,"iscrowd":0,"image_id":7,"bbox":[158,378,30,22],"category_id":1,"id":18,"ignore":0},{"segmentation":[[238,401,259,401,259,423,238,423]],"area":462,"iscrowd":0,"image_id":7,"bbox":[238,401,21,22],"category_id":1,"id":19,"ignore":0},{"segmentation":[[360,332,399,332,399,354,360,354]],"area":858,"iscrowd":0,"image_id":7,"bbox":[360,332,39,22],"category_id":1,"id":20,"ignore":0},{"segmentation":[[389,264,405,264,405,291,389,291]],"area":432,"iscrowd":0,"image_id":7,"bbox":[389,264,16,27],"category_id":1,"id":21,"ignore":0},{"segmentation":[[368,284,393,284,393,303,368,303]],"area":475,"iscrowd":0,"image_id":7,"bbox":[368,284,25,19],"category_id":1,"id":22,"ignore":0},{"segmentation":[[244,453,290,453,290,480,244,480]],"area":1242,"iscrowd":0,"image_id":8,"bbox":[244,453,46,27],"category_id":1,"id":1,"ignore":0},{"segmentation":[[289,415,319,415,319,440,289,440]],"area":750,"iscrowd":0,"image_id":8,"bbox":[289,415,30,25],"category_id":1,"id":2,"ignore":0},{"segmentation":[[396,323,426,323,426,363,396,363]],"area":1200,"iscrowd":0,"image_id":8,"bbox":[396,323,30,40],"category_id":1,"id":3,"ignore":0},{"segmentation":[[268,345,355,345,355,401,268,401]],"area":4872,"iscrowd":0,"image_id":8,"bbox":[268,345,87,56],"category_id":1,"id":4,"ignore":0},{"segmentation":[[334,134,462,134,462,306,334,306]],"area":22016,"iscrowd":0,"image_id":8,"bbox":[334,134,128,172],"category_id":1,"id":5,"ignore":0},{"segmentation":[[294,350,493,350,493,494,294,494]],"area":28656,"iscrowd":0,"image_id":9,"bbox":[294,350,199,144],"category_id":1,"id":1,"ignore":0},{"segmentation":[[181,338,369,338,369,433,181,433]],"area":17860,"iscrowd":0,"image_id":10,"bbox":[181,338,188,95],"category_id":1,"id":1,"ignore":0},{"segmentation":[[163,435,339,435,339,504,163,504]],"area":12144,"iscrowd":0,"image_id":10,"bbox":[163,435,176,69],"category_id":1,"id":2,"ignore":0},{"segmentation":[[331,165,368,165,368,206,331,206]],"area":1517,"iscrowd":0,"image_id":10,"bbox":[331,165,37,41],"category_id":1,"id":3,"ignore":0},{"segmentation":[[382,233,462,233,462,296,382,296]],"area":5040,"iscrowd":0,"image_id":10,"bbox":[382,233,80,63],"category_id":1,"id":4,"ignore":0},{"segmentation":[[6,252,120,252,120,435,6,435]],"area":20862,"iscrowd":0,"image_id":11,"bbox":[6,252,114,183],"category_id":1,"id":1,"ignore":0},{"segmentation":[[64,215,105,215,105,242,64,242]],"area":1107,"iscrowd":0,"image_id":11,"bbox":[64,215,41,27],"category_id":1,"id":2,"ignore":0},{"segmentation":[[153,450,181,450,181,474,153,474]],"area":672,"iscrowd":0,"image_id":11,"bbox":[153,450,28,24],"category_id":1,"id":3,"ignore":0},{"segmentation":[[212,303,235,303,235,331,212,331]],"area":644,"iscrowd":0,"image_id":12,"bbox":[212,303,23,28],"category_id":1,"id":1,"ignore":0},{"segmentation":[[347,369,386,369,386,394,347,394]],"area":975,"iscrowd":0,"image_id":12,"bbox":[347,369,39,25],"category_id":1,"id":2,"ignore":0},{"segmentation":[[346,401,385,401,385,436,346,436]],"area":1365,"iscrowd":0,"image_id":12,"bbox":[346,401,39,35],"category_id":1,"id":3,"ignore":0},{"segmentation":[[403,379,442,379,442,405,403,405]],"area":1014,"iscrowd":0,"image_id":12,"bbox":[403,379,39,26],"category_id":1,"id":4,"ignore":0},{"segmentation":[[364,191,396,191,396,218,364,218]],"area":864,"iscrowd":0,"image_id":12,"bbox":[364,191,32,27],"category_id":1,"id":5,"ignore":0},{"segmentation":[[309,140,344,140,344,175,309,175]],"area":1225,"iscrowd":0,"image_id":12,"bbox":[309,140,35,35],"category_id":1,"id":6,"ignore":0},{"segmentation":[[24,306,49,306,49,331,24,331]],"area":625,"iscrowd":0,"image_id":12,"bbox":[24,306,25,25],"category_id":1,"id":7,"ignore":0},{"segmentation":[[319,356,357,356,357,387,319,387]],"area":1178,"iscrowd":0,"image_id":13,"bbox":[319,356,38,31],"category_id":1,"id":1,"ignore":0},{"segmentation":[[324,385,362,385,362,424,324,424]],"area":1482,"iscrowd":0,"image_id":13,"bbox":[324,385,38,39],"category_id":1,"id":2,"ignore":0},{"segmentation":[[269,193,299,193,299,224,269,224]],"area":930,"iscrowd":0,"image_id":13,"bbox":[269,193,30,31],"category_id":1,"id":3,"ignore":0},{"segmentation":[[312,164,351,164,351,191,312,191]],"area":1053,"iscrowd":0,"image_id":13,"bbox":[312,164,39,27],"category_id":1,"id":4,"ignore":0},{"segmentation":[[31,272,61,272,61,297,31,297]],"area":750,"iscrowd":0,"image_id":13,"bbox":[31,272,30,25],"category_id":1,"id":5,"ignore":0},{"segmentation":[[201,480,239,480,239,512,201,512]],"area":1216,"iscrowd":0,"image_id":13,"bbox":[201,480,38,32],"category_id":1,"id":6,"ignore":0},{"segmentation":[[153,478,189,478,189,513,153,513]],"area":1260,"iscrowd":0,"image_id":13,"bbox":[153,478,36,35],"category_id":1,"id":7,"ignore":0},{"segmentation":[[371,104,403,104,403,143,371,143]],"area":1248,"iscrowd":0,"image_id":14,"bbox":[371,104,32,39],"category_id":1,"id":1,"ignore":0},{"segmentation":[[309,368,338,368,338,404,309,404]],"area":1044,"iscrowd":0,"image_id":14,"bbox":[309,368,29,36],"category_id":1,"id":2,"ignore":0},{"segmentation":[[308,395,337,395,337,435,308,435]],"area":1160,"iscrowd":0,"image_id":14,"bbox":[308,395,29,40],"category_id":1,"id":3,"ignore":0},{"segmentation":[[60,288,84,288,84,319,60,319]],"area":744,"iscrowd":0,"image_id":14,"bbox":[60,288,24,31],"category_id":1,"id":4,"ignore":0},{"segmentation":[[342,308,418,308,418,372,342,372]],"area":4864,"iscrowd":0,"image_id":14,"bbox":[342,308,76,64],"category_id":1,"id":5,"ignore":0},{"segmentation":[[449,419,482,419,482,455,449,455]],"area":1188,"iscrowd":0,"image_id":14,"bbox":[449,419,33,36],"category_id":1,"id":6,"ignore":0},{"segmentation":[[389,466,418,466,418,494,389,494]],"area":812,"iscrowd":0,"image_id":14,"bbox":[389,466,29,28],"category_id":1,"id":7,"ignore":0},{"segmentation":[[421,423,449,423,449,454,421,454]],"area":868,"iscrowd":0,"image_id":14,"bbox":[421,423,28,31],"category_id":1,"id":8,"ignore":0},{"segmentation":[[250,241,275,241,275,263,250,263]],"area":550,"iscrowd":0,"image_id":15,"bbox":[250,241,25,22],"category_id":1,"id":1,"ignore":0},{"segmentation":[[245,195,284,195,284,230,245,230]],"area":1365,"iscrowd":0,"image_id":15,"bbox":[245,195,39,35],"category_id":1,"id":2,"ignore":0},{"segmentation":[[277,405,317,405,317,438,277,438]],"area":1320,"iscrowd":0,"image_id":15,"bbox":[277,405,40,33],"category_id":1,"id":3,"ignore":0},{"segmentation":[[267,378,306,378,306,405,267,405]],"area":1053,"iscrowd":0,"image_id":15,"bbox":[267,378,39,27],"category_id":1,"id":4,"ignore":0},{"segmentation":[[418,456,441,456,441,474,418,474]],"area":414,"iscrowd":0,"image_id":15,"bbox":[418,456,23,18],"category_id":1,"id":5,"ignore":0},{"segmentation":[[418,473,444,473,444,493,418,493]],"area":520,"iscrowd":0,"image_id":15,"bbox":[418,473,26,20],"category_id":1,"id":6,"ignore":0},{"segmentation":[[416,414,437,414,437,440,416,440]],"area":546,"iscrowd":0,"image_id":15,"bbox":[416,414,21,26],"category_id":1,"id":7,"ignore":0},{"segmentation":[[438,382,462,382,462,408,438,408]],"area":624,"iscrowd":0,"image_id":15,"bbox":[438,382,24,26],"category_id":1,"id":8,"ignore":0},{"segmentation":[[360,458,391,458,391,487,360,487]],"area":899,"iscrowd":0,"image_id":15,"bbox":[360,458,31,29],"category_id":1,"id":9,"ignore":0},{"segmentation":[[339,90,396,90,396,149,339,149]],"area":3363,"iscrowd":0,"image_id":16,"bbox":[339,90,57,59],"category_id":1,"id":1,"ignore":0},{"segmentation":[[368,246,401,246,401,270,368,270]],"area":792,"iscrowd":0,"image_id":16,"bbox":[368,246,33,24],"category_id":1,"id":2,"ignore":0},{"segmentation":[[426,219,455,219,455,254,426,254]],"area":1015,"iscrowd":0,"image_id":16,"bbox":[426,219,29,35],"category_id":1,"id":3,"ignore":0},{"segmentation":[[460,221,474,221,474,240,460,240]],"area":266,"iscrowd":0,"image_id":16,"bbox":[460,221,14,19],"category_id":1,"id":4,"ignore":0},{"segmentation":[[470,231,484,231,484,258,470,258]],"area":378,"iscrowd":0,"image_id":16,"bbox":[470,231,14,27],"category_id":1,"id":5,"ignore":0},{"segmentation":[[412,448,439,448,439,476,412,476]],"area":756,"iscrowd":0,"image_id":16,"bbox":[412,448,27,28],"category_id":1,"id":6,"ignore":0},{"segmentation":[[408,409,431,409,431,428,408,428]],"area":437,"iscrowd":0,"image_id":16,"bbox":[408,409,23,19],"category_id":1,"id":7,"ignore":0},{"segmentation":[[446,397,462,397,462,415,446,415]],"area":288,"iscrowd":0,"image_id":16,"bbox":[446,397,16,18],"category_id":1,"id":8,"ignore":0},{"segmentation":[[269,393,300,393,300,417,269,417]],"area":744,"iscrowd":0,"image_id":16,"bbox":[269,393,31,24],"category_id":1,"id":9,"ignore":0},{"segmentation":[[259,409,290,409,290,434,259,434]],"area":775,"iscrowd":0,"image_id":16,"bbox":[259,409,31,25],"category_id":1,"id":10,"ignore":0},{"segmentation":[[235,230,263,230,263,256,235,256]],"area":728,"iscrowd":0,"image_id":16,"bbox":[235,230,28,26],"category_id":1,"id":11,"ignore":0},{"segmentation":[[84,334,156,334,156,407,84,407]],"area":5256,"iscrowd":0,"image_id":17,"bbox":[84,334,72,73],"category_id":1,"id":1,"ignore":0},{"segmentation":[[13,375,45,375,45,425,13,425]],"area":1600,"iscrowd":0,"image_id":17,"bbox":[13,375,32,50],"category_id":1,"id":2,"ignore":0},{"segmentation":[[50,362,74,362,74,436,50,436]],"area":1776,"iscrowd":0,"image_id":17,"bbox":[50,362,24,74],"category_id":1,"id":3,"ignore":0},{"segmentation":[[95,189,167,189,167,259,95,259]],"area":5040,"iscrowd":0,"image_id":18,"bbox":[95,189,72,70],"category_id":1,"id":1,"ignore":0},{"segmentation":[[381,555,417,555,417,594,381,594]],"area":1404,"iscrowd":0,"image_id":18,"bbox":[381,555,36,39],"category_id":1,"id":2,"ignore":0},{"segmentation":[[108,176,172,176,172,246,108,246]],"area":4480,"iscrowd":0,"image_id":19,"bbox":[108,176,64,70],"category_id":1,"id":1,"ignore":0},{"segmentation":[[409,517,450,517,450,558,409,558]],"area":1681,"iscrowd":0,"image_id":19,"bbox":[409,517,41,41],"category_id":1,"id":2,"ignore":0},{"segmentation":[[311,645,336,645,336,677,311,677]],"area":800,"iscrowd":0,"image_id":19,"bbox":[311,645,25,32],"category_id":1,"id":3,"ignore":0},{"segmentation":[[90,347,125,347,125,371,90,371]],"area":840,"iscrowd":0,"image_id":20,"bbox":[90,347,35,24],"category_id":1,"id":1,"ignore":0},{"segmentation":[[100,350,169,350,169,410,100,410]],"area":4140,"iscrowd":0,"image_id":20,"bbox":[100,350,69,60],"category_id":1,"id":2,"ignore":0},{"segmentation":[[44,393,90,393,90,428,44,428]],"area":1610,"iscrowd":0,"image_id":20,"bbox":[44,393,46,35],"category_id":1,"id":3,"ignore":0},{"segmentation":[[327,503,395,503,395,563,327,563]],"area":4080,"iscrowd":0,"image_id":21,"bbox":[327,503,68,60],"category_id":1,"id":1,"ignore":0},{"segmentation":[[175,413,220,413,220,446,175,446]],"area":1485,"iscrowd":0,"image_id":21,"bbox":[175,413,45,33],"category_id":1,"id":2,"ignore":0},{"segmentation":[[247,351,291,351,291,381,247,381]],"area":1320,"iscrowd":0,"image_id":21,"bbox":[247,351,44,30],"category_id":1,"id":3,"ignore":0},{"segmentation":[[555,449,614,449,614,490,555,490]],"area":2419,"iscrowd":0,"image_id":21,"bbox":[555,449,59,41],"category_id":1,"id":4,"ignore":0},{"segmentation":[[642,544,694,544,694,611,642,611]],"area":3484,"iscrowd":0,"image_id":21,"bbox":[642,544,52,67],"category_id":1,"id":5,"ignore":0},{"segmentation":[[336,286,359,286,359,316,336,316]],"area":690,"iscrowd":0,"image_id":22,"bbox":[336,286,23,30],"category_id":1,"id":1,"ignore":0},{"segmentation":[[197,321,272,321,272,377,197,377]],"area":4200,"iscrowd":0,"image_id":22,"bbox":[197,321,75,56],"category_id":1,"id":2,"ignore":0},{"segmentation":[[241,368,266,368,266,397,241,397]],"area":725,"iscrowd":0,"image_id":22,"bbox":[241,368,25,29],"category_id":1,"id":3,"ignore":0},{"segmentation":[[284,475,325,475,325,510,284,510]],"area":1435,"iscrowd":0,"image_id":22,"bbox":[284,475,41,35],"category_id":1,"id":4,"ignore":0},{"segmentation":[[139,237,253,237,253,364,139,364]],"area":14478,"iscrowd":0,"image_id":23,"bbox":[139,237,114,127],"category_id":1,"id":1,"ignore":0},{"segmentation":[[344,292,377,292,377,324,344,324]],"area":1056,"iscrowd":0,"image_id":23,"bbox":[344,292,33,32],"category_id":1,"id":2,"ignore":0},{"segmentation":[[411,243,444,243,444,275,411,275]],"area":1056,"iscrowd":0,"image_id":23,"bbox":[411,243,33,32],"category_id":1,"id":3,"ignore":0},{"segmentation":[[209,339,356,339,356,481,209,481]],"area":20874,"iscrowd":0,"image_id":24,"bbox":[209,339,147,142],"category_id":1,"id":1,"ignore":0},{"segmentation":[[365,476,400,476,400,508,365,508]],"area":1120,"iscrowd":0,"image_id":24,"bbox":[365,476,35,32],"category_id":1,"id":2,"ignore":0},{"segmentation":[[259,498,296,498,296,524,259,524]],"area":962,"iscrowd":0,"image_id":24,"bbox":[259,498,37,26],"category_id":1,"id":3,"ignore":0},{"segmentation":[[388,434,423,434,423,463,388,463]],"area":1015,"iscrowd":0,"image_id":24,"bbox":[388,434,35,29],"category_id":1,"id":4,"ignore":0},{"segmentation":[[364,360,392,360,392,386,364,386]],"area":728,"iscrowd":0,"image_id":24,"bbox":[364,360,28,26],"category_id":1,"id":5,"ignore":0},{"segmentation":[[347,320,385,320,385,365,347,365]],"area":1710,"iscrowd":0,"image_id":24,"bbox":[347,320,38,45],"category_id":1,"id":6,"ignore":0},{"segmentation":[[144,347,253,347,253,472,144,472]],"area":13625,"iscrowd":0,"image_id":25,"bbox":[144,347,109,125],"category_id":1,"id":1,"ignore":0},{"segmentation":[[376,370,425,370,425,406,376,406]],"area":1764,"iscrowd":0,"image_id":25,"bbox":[376,370,49,36],"category_id":1,"id":2,"ignore":0},{"segmentation":[[266,224,299,224,299,265,266,265]],"area":1353,"iscrowd":0,"image_id":25,"bbox":[266,224,33,41],"category_id":1,"id":3,"ignore":0},{"segmentation":[[204,179,236,179,236,204,204,204]],"area":800,"iscrowd":0,"image_id":25,"bbox":[204,179,32,25],"category_id":1,"id":4,"ignore":0},{"segmentation":[[282,362,305,362,305,389,282,389]],"area":621,"iscrowd":0,"image_id":25,"bbox":[282,362,23,27],"category_id":1,"id":5,"ignore":0},{"segmentation":[[263,341,286,341,286,370,263,370]],"area":667,"iscrowd":0,"image_id":25,"bbox":[263,341,23,29],"category_id":1,"id":6,"ignore":0},{"segmentation":[[19,416,51,416,51,439,19,439]],"area":736,"iscrowd":0,"image_id":25,"bbox":[19,416,32,23],"category_id":1,"id":7,"ignore":0},{"segmentation":[[154,345,239,345,239,462,154,462]],"area":9945,"iscrowd":0,"image_id":26,"bbox":[154,345,85,117],"category_id":1,"id":1,"ignore":0},{"segmentation":[[311,389,333,389,333,417,311,417]],"area":616,"iscrowd":0,"image_id":26,"bbox":[311,389,22,28],"category_id":1,"id":2,"ignore":0},{"segmentation":[[278,353,299,353,299,370,278,370]],"area":357,"iscrowd":0,"image_id":26,"bbox":[278,353,21,17],"category_id":1,"id":3,"ignore":0},{"segmentation":[[258,323,285,323,285,350,258,350]],"area":729,"iscrowd":0,"image_id":26,"bbox":[258,323,27,27],"category_id":1,"id":4,"ignore":0},{"segmentation":[[318,358,339,358,339,371,318,371]],"area":273,"iscrowd":0,"image_id":26,"bbox":[318,358,21,13],"category_id":1,"id":5,"ignore":0},{"segmentation":[[332,331,353,331,353,353,332,353]],"area":462,"iscrowd":0,"image_id":26,"bbox":[332,331,21,22],"category_id":1,"id":6,"ignore":0},{"segmentation":[[376,347,395,347,395,366,376,366]],"area":361,"iscrowd":0,"image_id":26,"bbox":[376,347,19,19],"category_id":1,"id":7,"ignore":0},{"segmentation":[[335,429,359,429,359,443,335,443]],"area":336,"iscrowd":0,"image_id":26,"bbox":[335,429,24,14],"category_id":1,"id":8,"ignore":0},{"segmentation":[[282,468,308,468,308,476,282,476]],"area":208,"iscrowd":0,"image_id":26,"bbox":[282,468,26,8],"category_id":1,"id":9,"ignore":0},{"segmentation":[[232,465,248,465,248,483,232,483]],"area":288,"iscrowd":0,"image_id":26,"bbox":[232,465,16,18],"category_id":1,"id":10,"ignore":0},{"segmentation":[[374,510,400,510,400,525,374,525]],"area":390,"iscrowd":0,"image_id":26,"bbox":[374,510,26,15],"category_id":1,"id":11,"ignore":0},{"segmentation":[[344,498,370,498,370,516,344,516]],"area":468,"iscrowd":0,"image_id":26,"bbox":[344,498,26,18],"category_id":1,"id":12,"ignore":0},{"segmentation":[[163,349,203,349,203,379,163,379]],"area":1200,"iscrowd":0,"image_id":27,"bbox":[163,349,40,30],"category_id":1,"id":1,"ignore":0},{"segmentation":[[180,326,206,326,206,351,180,351]],"area":650,"iscrowd":0,"image_id":27,"bbox":[180,326,26,25],"category_id":1,"id":2,"ignore":0},{"segmentation":[[328,477,355,477,355,498,328,498]],"area":567,"iscrowd":0,"image_id":27,"bbox":[328,477,27,21],"category_id":1,"id":3,"ignore":0},{"segmentation":[[414,426,470,426,470,460,414,460]],"area":1904,"iscrowd":0,"image_id":27,"bbox":[414,426,56,34],"category_id":1,"id":4,"ignore":0},{"segmentation":[[410,358,447,358,447,393,410,393]],"area":1295,"iscrowd":0,"image_id":27,"bbox":[410,358,37,35],"category_id":1,"id":5,"ignore":0},{"segmentation":[[377,337,412,337,412,362,377,362]],"area":875,"iscrowd":0,"image_id":27,"bbox":[377,337,35,25],"category_id":1,"id":6,"ignore":0},{"segmentation":[[269,193,295,193,295,214,269,214]],"area":546,"iscrowd":0,"image_id":27,"bbox":[269,193,26,21],"category_id":1,"id":7,"ignore":0},{"segmentation":[[298,177,317,177,317,202,298,202]],"area":475,"iscrowd":0,"image_id":27,"bbox":[298,177,19,25],"category_id":1,"id":8,"ignore":0},{"segmentation":[[322,167,337,167,337,192,322,192]],"area":375,"iscrowd":0,"image_id":27,"bbox":[322,167,15,25],"category_id":1,"id":9,"ignore":0},{"segmentation":[[338,151,360,151,360,176,338,176]],"area":550,"iscrowd":0,"image_id":27,"bbox":[338,151,22,25],"category_id":1,"id":10,"ignore":0},{"segmentation":[[173,205,199,205,199,232,173,232]],"area":702,"iscrowd":0,"image_id":28,"bbox":[173,205,26,27],"category_id":1,"id":1,"ignore":0},{"segmentation":[[225,148,244,148,244,169,225,169]],"area":399,"iscrowd":0,"image_id":28,"bbox":[225,148,19,21],"category_id":1,"id":2,"ignore":0},{"segmentation":[[275,155,332,155,332,174,275,174]],"area":1083,"iscrowd":0,"image_id":28,"bbox":[275,155,57,19],"category_id":1,"id":3,"ignore":0},{"segmentation":[[203,231,272,231,272,263,203,263]],"area":2208,"iscrowd":0,"image_id":28,"bbox":[203,231,69,32],"category_id":1,"id":4,"ignore":0},{"segmentation":[[164,324,242,324,242,392,164,392]],"area":5304,"iscrowd":0,"image_id":28,"bbox":[164,324,78,68],"category_id":1,"id":5,"ignore":0},{"segmentation":[[33,363,61,363,61,388,33,388]],"area":700,"iscrowd":0,"image_id":28,"bbox":[33,363,28,25],"category_id":1,"id":6,"ignore":0},{"segmentation":[[56,68,81,68,81,89,56,89]],"area":525,"iscrowd":0,"image_id":28,"bbox":[56,68,25,21],"category_id":1,"id":7,"ignore":0},{"segmentation":[[391,164,423,164,423,208,391,208]],"area":1408,"iscrowd":0,"image_id":28,"bbox":[391,164,32,44],"category_id":1,"id":8,"ignore":0},{"segmentation":[[452,419,472,419,472,437,452,437]],"area":360,"iscrowd":0,"image_id":29,"bbox":[452,419,20,18],"category_id":1,"id":1,"ignore":0},{"segmentation":[[441,407,463,407,463,418,441,418]],"area":242,"iscrowd":0,"image_id":29,"bbox":[441,407,22,11],"category_id":1,"id":2,"ignore":0},{"segmentation":[[433,399,452,399,452,409,433,409]],"area":190,"iscrowd":0,"image_id":29,"bbox":[433,399,19,10],"category_id":1,"id":3,"ignore":0},{"segmentation":[[362,497,438,497,438,532,362,532]],"area":2660,"iscrowd":0,"image_id":29,"bbox":[362,497,76,35],"category_id":1,"id":4,"ignore":0},{"segmentation":[[348,374,368,374,368,401,348,401]],"area":540,"iscrowd":0,"image_id":29,"bbox":[348,374,20,27],"category_id":1,"id":5,"ignore":0},{"segmentation":[[82,356,111,356,111,381,82,381]],"area":725,"iscrowd":0,"image_id":29,"bbox":[82,356,29,25],"category_id":1,"id":6,"ignore":0},{"segmentation":[[37,368,64,368,64,386,37,386]],"area":486,"iscrowd":0,"image_id":29,"bbox":[37,368,27,18],"category_id":1,"id":7,"ignore":0},{"segmentation":[[82,308,104,308,104,337,82,337]],"area":638,"iscrowd":0,"image_id":29,"bbox":[82,308,22,29],"category_id":1,"id":8,"ignore":0},{"segmentation":[[36,321,62,321,62,339,36,339]],"area":468,"iscrowd":0,"image_id":29,"bbox":[36,321,26,18],"category_id":1,"id":9,"ignore":0},{"segmentation":[[57,76,81,76,81,104,57,104]],"area":672,"iscrowd":0,"image_id":29,"bbox":[57,76,24,28],"category_id":1,"id":10,"ignore":0},{"segmentation":[[189,304,218,304,218,326,189,326]],"area":638,"iscrowd":0,"image_id":29,"bbox":[189,304,29,22],"category_id":1,"id":11,"ignore":0},{"segmentation":[[152,335,180,335,180,356,152,356]],"area":588,"iscrowd":0,"image_id":29,"bbox":[152,335,28,21],"category_id":1,"id":12,"ignore":0},{"segmentation":[[186,340,230,340,230,375,186,375]],"area":1540,"iscrowd":0,"image_id":29,"bbox":[186,340,44,35],"category_id":1,"id":13,"ignore":0},{"segmentation":[[384,456,414,456,414,482,384,482]],"area":780,"iscrowd":0,"image_id":29,"bbox":[384,456,30,26],"category_id":1,"id":14,"ignore":0},{"segmentation":[[173,218,193,218,193,235,173,235]],"area":340,"iscrowd":0,"image_id":29,"bbox":[173,218,20,17],"category_id":1,"id":15,"ignore":0},{"segmentation":[[219,162,235,162,235,183,219,183]],"area":336,"iscrowd":0,"image_id":29,"bbox":[219,162,16,21],"category_id":1,"id":16,"ignore":0},{"segmentation":[[196,238,256,238,256,265,196,265]],"area":1620,"iscrowd":0,"image_id":29,"bbox":[196,238,60,27],"category_id":1,"id":17,"ignore":0},{"segmentation":[[266,146,324,146,324,200,266,200]],"area":3132,"iscrowd":0,"image_id":29,"bbox":[266,146,58,54],"category_id":1,"id":18,"ignore":0},{"segmentation":[[366,188,397,188,397,211,366,211]],"area":713,"iscrowd":0,"image_id":29,"bbox":[366,188,31,23],"category_id":1,"id":19,"ignore":0},{"segmentation":[[35,201,140,201,140,283,35,283]],"area":8610,"iscrowd":0,"image_id":30,"bbox":[35,201,105,82],"category_id":1,"id":1,"ignore":0},{"segmentation":[[248,99,299,99,299,161,248,161]],"area":3162,"iscrowd":0,"image_id":30,"bbox":[248,99,51,62],"category_id":1,"id":2,"ignore":0},{"segmentation":[[307,94,357,94,357,144,307,144]],"area":2500,"iscrowd":0,"image_id":30,"bbox":[307,94,50,50],"category_id":1,"id":3,"ignore":0},{"segmentation":[[316,175,345,175,345,215,316,215]],"area":1160,"iscrowd":0,"image_id":30,"bbox":[316,175,29,40],"category_id":1,"id":4,"ignore":0},{"segmentation":[[193,167,270,167,270,233,193,233]],"area":5082,"iscrowd":0,"image_id":31,"bbox":[193,167,77,66],"category_id":1,"id":1,"ignore":0},{"segmentation":[[319,243,345,243,345,269,319,269]],"area":676,"iscrowd":0,"image_id":31,"bbox":[319,243,26,26],"category_id":1,"id":2,"ignore":0},{"segmentation":[[351,225,373,225,373,259,351,259]],"area":748,"iscrowd":0,"image_id":31,"bbox":[351,225,22,34],"category_id":1,"id":3,"ignore":0},{"segmentation":[[356,88,379,88,379,116,356,116]],"area":644,"iscrowd":0,"image_id":31,"bbox":[356,88,23,28],"category_id":1,"id":4,"ignore":0},{"segmentation":[[308,10,344,10,344,35,308,35]],"area":900,"iscrowd":0,"image_id":31,"bbox":[308,10,36,25],"category_id":1,"id":5,"ignore":0},{"segmentation":[[224,93,252,93,252,126,224,126]],"area":924,"iscrowd":0,"image_id":31,"bbox":[224,93,28,33],"category_id":1,"id":6,"ignore":0},{"segmentation":[[74,180,140,180,140,233,74,233]],"area":3498,"iscrowd":0,"image_id":32,"bbox":[74,180,66,53],"category_id":1,"id":1,"ignore":0},{"segmentation":[[297,117,317,117,317,137,297,137]],"area":400,"iscrowd":0,"image_id":32,"bbox":[297,117,20,20],"category_id":1,"id":2,"ignore":0},{"segmentation":[[337,8,356,8,356,31,337,31]],"area":437,"iscrowd":0,"image_id":32,"bbox":[337,8,19,23],"category_id":1,"id":3,"ignore":0},{"segmentation":[[338,260,360,260,360,277,338,277]],"area":374,"iscrowd":0,"image_id":32,"bbox":[338,260,22,17],"category_id":1,"id":4,"ignore":0},{"segmentation":[[228,56,264,56,264,86,228,86]],"area":1080,"iscrowd":0,"image_id":32,"bbox":[228,56,36,30],"category_id":1,"id":5,"ignore":0},{"segmentation":[[98,217,129,217,129,238,98,238]],"area":651,"iscrowd":0,"image_id":33,"bbox":[98,217,31,21],"category_id":1,"id":1,"ignore":0},{"segmentation":[[75,214,100,214,100,234,75,234]],"area":500,"iscrowd":0,"image_id":33,"bbox":[75,214,25,20],"category_id":1,"id":2,"ignore":0},{"segmentation":[[58,200,79,200,79,215,58,215]],"area":315,"iscrowd":0,"image_id":33,"bbox":[58,200,21,15],"category_id":1,"id":3,"ignore":0},{"segmentation":[[89,111,114,111,114,133,89,133]],"area":550,"iscrowd":0,"image_id":33,"bbox":[89,111,25,22],"category_id":1,"id":4,"ignore":0},{"segmentation":[[42,130,77,130,77,157,42,157]],"area":945,"iscrowd":0,"image_id":33,"bbox":[42,130,35,27],"category_id":1,"id":5,"ignore":0},{"segmentation":[[35,49,70,49,70,81,35,81]],"area":1120,"iscrowd":0,"image_id":33,"bbox":[35,49,35,32],"category_id":1,"id":6,"ignore":0},{"segmentation":[[191,197,210,197,210,218,191,218]],"area":399,"iscrowd":0,"image_id":34,"bbox":[191,197,19,21],"category_id":1,"id":1,"ignore":0},{"segmentation":[[178,196,199,196,199,218,178,218]],"area":462,"iscrowd":0,"image_id":34,"bbox":[178,196,21,22],"category_id":1,"id":2,"ignore":0},{"segmentation":[[224,115,249,115,249,140,224,140]],"area":625,"iscrowd":0,"image_id":34,"bbox":[224,115,25,25],"category_id":1,"id":3,"ignore":0},{"segmentation":[[193,122,242,122,242,183,193,183]],"area":2989,"iscrowd":0,"image_id":34,"bbox":[193,122,49,61],"category_id":1,"id":4,"ignore":0},{"segmentation":[[84,166,126,166,126,199,84,199]],"area":1386,"iscrowd":0,"image_id":34,"bbox":[84,166,42,33],"category_id":1,"id":5,"ignore":0},{"segmentation":[[25,160,66,160,66,185,25,185]],"area":1025,"iscrowd":0,"image_id":34,"bbox":[25,160,41,25],"category_id":1,"id":6,"ignore":0},{"segmentation":[[189,120,226,120,226,155,189,155]],"area":1295,"iscrowd":0,"image_id":35,"bbox":[189,120,37,35],"category_id":1,"id":1,"ignore":0},{"segmentation":[[216,77,239,77,239,103,216,103]],"area":598,"iscrowd":0,"image_id":35,"bbox":[216,77,23,26],"category_id":1,"id":2,"ignore":0},{"segmentation":[[147,54,202,54,202,83,147,83]],"area":1595,"iscrowd":0,"image_id":35,"bbox":[147,54,55,29],"category_id":1,"id":3,"ignore":0},{"segmentation":[[40,180,78,180,78,213,40,213]],"area":1254,"iscrowd":0,"image_id":35,"bbox":[40,180,38,33],"category_id":1,"id":4,"ignore":0},{"segmentation":[[115,175,144,175,144,196,115,196]],"area":609,"iscrowd":0,"image_id":35,"bbox":[115,175,29,21],"category_id":1,"id":5,"ignore":0},{"segmentation":[[118,113,157,113,157,154,118,154]],"area":1599,"iscrowd":0,"image_id":35,"bbox":[118,113,39,41],"category_id":1,"id":6,"ignore":0},{"segmentation":[[43,111,76,111,76,129,43,129]],"area":594,"iscrowd":0,"image_id":36,"bbox":[43,111,33,18],"category_id":1,"id":1,"ignore":0},{"segmentation":[[49,155,101,155,101,184,49,184]],"area":1508,"iscrowd":0,"image_id":36,"bbox":[49,155,52,29],"category_id":1,"id":2,"ignore":0},{"segmentation":[[88,75,120,75,120,98,88,98]],"area":736,"iscrowd":0,"image_id":36,"bbox":[88,75,32,23],"category_id":1,"id":3,"ignore":0},{"segmentation":[[151,167,177,167,177,188,151,188]],"area":546,"iscrowd":0,"image_id":36,"bbox":[151,167,26,21],"category_id":1,"id":4,"ignore":0},{"segmentation":[[80,214,107,214,107,242,80,242]],"area":756,"iscrowd":0,"image_id":36,"bbox":[80,214,27,28],"category_id":1,"id":5,"ignore":0},{"segmentation":[[71,34,94,34,94,56,71,56]],"area":506,"iscrowd":0,"image_id":36,"bbox":[71,34,23,22],"category_id":1,"id":6,"ignore":0},{"segmentation":[[135,72,164,72,164,97,135,97]],"area":725,"iscrowd":0,"image_id":37,"bbox":[135,72,29,25],"category_id":1,"id":1,"ignore":0},{"segmentation":[[166,62,241,62,241,147,166,147]],"area":6375,"iscrowd":0,"image_id":37,"bbox":[166,62,75,85],"category_id":1,"id":2,"ignore":0},{"segmentation":[[116,121,160,121,160,162,116,162]],"area":1804,"iscrowd":0,"image_id":37,"bbox":[116,121,44,41],"category_id":1,"id":3,"ignore":0},{"segmentation":[[52,74,132,74,132,175,52,175]],"area":8080,"iscrowd":0,"image_id":37,"bbox":[52,74,80,101],"category_id":1,"id":4,"ignore":0},{"segmentation":[[37,150,68,150,68,176,37,176]],"area":806,"iscrowd":0,"image_id":37,"bbox":[37,150,31,26],"category_id":1,"id":5,"ignore":0},{"segmentation":[[66,189,95,189,95,214,66,214]],"area":725,"iscrowd":0,"image_id":37,"bbox":[66,189,29,25],"category_id":1,"id":6,"ignore":0},{"segmentation":[[81,204,115,204,115,239,81,239]],"area":1190,"iscrowd":0,"image_id":37,"bbox":[81,204,34,35],"category_id":1,"id":7,"ignore":0},{"segmentation":[[23,103,52,103,52,138,23,138]],"area":1015,"iscrowd":0,"image_id":37,"bbox":[23,103,29,35],"category_id":1,"id":8,"ignore":0},{"segmentation":[[134,323,185,323,185,380,134,380]],"area":2907,"iscrowd":0,"image_id":38,"bbox":[134,323,51,57],"category_id":1,"id":1,"ignore":0},{"segmentation":[[585,330,614,330,614,359,585,359]],"area":841,"iscrowd":0,"image_id":38,"bbox":[585,330,29,29],"category_id":1,"id":2,"ignore":0},{"segmentation":[[333,113,360,113,360,148,333,148]],"area":945,"iscrowd":0,"image_id":38,"bbox":[333,113,27,35],"category_id":1,"id":3,"ignore":0},{"segmentation":[[453,544,496,544,496,594,453,594]],"area":2150,"iscrowd":0,"image_id":38,"bbox":[453,544,43,50],"category_id":1,"id":4,"ignore":0},{"segmentation":[[88,273,181,273,181,363,88,363]],"area":8370,"iscrowd":0,"image_id":39,"bbox":[88,273,93,90],"category_id":1,"id":1,"ignore":0},{"segmentation":[[159,235,227,235,227,310,159,310]],"area":5100,"iscrowd":0,"image_id":39,"bbox":[159,235,68,75],"category_id":1,"id":2,"ignore":0},{"segmentation":[[532,356,582,356,582,394,532,394]],"area":1900,"iscrowd":0,"image_id":39,"bbox":[532,356,50,38],"category_id":1,"id":3,"ignore":0},{"segmentation":[[386,131,420,131,420,160,386,160]],"area":986,"iscrowd":0,"image_id":39,"bbox":[386,131,34,29],"category_id":1,"id":4,"ignore":0},{"segmentation":[[393,576,428,576,428,603,393,603]],"area":945,"iscrowd":0,"image_id":39,"bbox":[393,576,35,27],"category_id":1,"id":5,"ignore":0},{"segmentation":[[81,445,119,445,119,475,81,475]],"area":1140,"iscrowd":0,"image_id":39,"bbox":[81,445,38,30],"category_id":1,"id":6,"ignore":0},{"segmentation":[[183,246,286,246,286,349,183,349]],"area":10609,"iscrowd":0,"image_id":40,"bbox":[183,246,103,103],"category_id":1,"id":1,"ignore":0},{"segmentation":[[473,512,499,512,499,532,473,532]],"area":520,"iscrowd":0,"image_id":40,"bbox":[473,512,26,20],"category_id":1,"id":2,"ignore":0},{"segmentation":[[456,492,480,492,480,510,456,510]],"area":432,"iscrowd":0,"image_id":40,"bbox":[456,492,24,18],"category_id":1,"id":3,"ignore":0},{"segmentation":[[492,290,517,290,517,309,492,309]],"area":475,"iscrowd":0,"image_id":40,"bbox":[492,290,25,19],"category_id":1,"id":4,"ignore":0},{"segmentation":[[455,321,479,321,479,342,455,342]],"area":504,"iscrowd":0,"image_id":40,"bbox":[455,321,24,21],"category_id":1,"id":5,"ignore":0},{"segmentation":[[291,257,338,257,338,291,291,291]],"area":1598,"iscrowd":0,"image_id":40,"bbox":[291,257,47,34],"category_id":1,"id":6,"ignore":0},{"segmentation":[[239,244,282,244,282,288,239,288]],"area":1892,"iscrowd":0,"image_id":41,"bbox":[239,244,43,44],"category_id":1,"id":1,"ignore":0},{"segmentation":[[440,292,471,292,471,317,440,317]],"area":775,"iscrowd":0,"image_id":41,"bbox":[440,292,31,25],"category_id":1,"id":2,"ignore":0},{"segmentation":[[344,494,379,494,379,527,344,527]],"area":1155,"iscrowd":0,"image_id":41,"bbox":[344,494,35,33],"category_id":1,"id":3,"ignore":0},{"segmentation":[[377,507,425,507,425,530,377,530]],"area":1104,"iscrowd":0,"image_id":41,"bbox":[377,507,48,23],"category_id":1,"id":4,"ignore":0},{"segmentation":[[228,265,288,265,288,314,228,314]],"area":2940,"iscrowd":0,"image_id":42,"bbox":[228,265,60,49],"category_id":1,"id":1,"ignore":0},{"segmentation":[[445,309,471,309,471,336,445,336]],"area":702,"iscrowd":0,"image_id":42,"bbox":[445,309,26,27],"category_id":1,"id":2,"ignore":0},{"segmentation":[[349,509,389,509,389,537,349,537]],"area":1120,"iscrowd":0,"image_id":42,"bbox":[349,509,40,28],"category_id":1,"id":3,"ignore":0},{"segmentation":[[390,508,431,508,431,536,390,536]],"area":1148,"iscrowd":0,"image_id":42,"bbox":[390,508,41,28],"category_id":1,"id":4,"ignore":0},{"segmentation":[[478,495,501,495,501,525,478,525]],"area":690,"iscrowd":0,"image_id":42,"bbox":[478,495,23,30],"category_id":1,"id":5,"ignore":0},{"segmentation":[[261,281,299,281,299,325,261,325]],"area":1672,"iscrowd":0,"image_id":43,"bbox":[261,281,38,44],"category_id":1,"id":1,"ignore":0},{"segmentation":[[305,520,336,520,336,540,305,540]],"area":620,"iscrowd":0,"image_id":43,"bbox":[305,520,31,20],"category_id":1,"id":2,"ignore":0},{"segmentation":[[409,520,430,520,430,535,409,535]],"area":315,"iscrowd":0,"image_id":43,"bbox":[409,520,21,15],"category_id":1,"id":3,"ignore":0},{"segmentation":[[396,315,413,315,413,337,396,337]],"area":374,"iscrowd":0,"image_id":43,"bbox":[396,315,17,22],"category_id":1,"id":4,"ignore":0},{"segmentation":[[260,332,308,332,308,389,260,389]],"area":2736,"iscrowd":0,"image_id":44,"bbox":[260,332,48,57],"category_id":1,"id":1,"ignore":0},{"segmentation":[[252,339,298,339,298,390,252,390]],"area":2346,"iscrowd":0,"image_id":45,"bbox":[252,339,46,51],"category_id":1,"id":1,"ignore":0},{"segmentation":[[323,353,378,353,378,389,323,389]],"area":1980,"iscrowd":0,"image_id":46,"bbox":[323,353,55,36],"category_id":1,"id":1,"ignore":0},{"segmentation":[[291,461,325,461,325,502,291,502]],"area":1394,"iscrowd":0,"image_id":47,"bbox":[291,461,34,41],"category_id":1,"id":1,"ignore":0},{"segmentation":[[345,413,380,413,380,454,345,454]],"area":1435,"iscrowd":0,"image_id":47,"bbox":[345,413,35,41],"category_id":1,"id":2,"ignore":0},{"segmentation":[[134,257,176,257,176,280,134,280]],"area":966,"iscrowd":0,"image_id":48,"bbox":[134,257,42,23],"category_id":1,"id":1,"ignore":0},{"segmentation":[[236,332,264,332,264,358,236,358]],"area":728,"iscrowd":0,"image_id":48,"bbox":[236,332,28,26],"category_id":1,"id":2,"ignore":0},{"segmentation":[[197,331,219,331,219,355,197,355]],"area":528,"iscrowd":0,"image_id":48,"bbox":[197,331,22,24],"category_id":1,"id":3,"ignore":0},{"segmentation":[[333,360,369,360,369,389,333,389]],"area":1044,"iscrowd":0,"image_id":48,"bbox":[333,360,36,29],"category_id":1,"id":4,"ignore":0},{"segmentation":[[192,281,231,281,231,304,192,304]],"area":897,"iscrowd":0,"image_id":49,"bbox":[192,281,39,23],"category_id":1,"id":1,"ignore":0},{"segmentation":[[282,276,302,276,302,290,282,290]],"area":280,"iscrowd":0,"image_id":49,"bbox":[282,276,20,14],"category_id":1,"id":2,"ignore":0},{"segmentation":[[269,254,294,254,294,273,269,273]],"area":475,"iscrowd":0,"image_id":49,"bbox":[269,254,25,19],"category_id":1,"id":3,"ignore":0},{"segmentation":[[295,336,317,336,317,358,295,358]],"area":484,"iscrowd":0,"image_id":49,"bbox":[295,336,22,22],"category_id":1,"id":4,"ignore":0},{"segmentation":[[163,247,204,247,204,268,163,268]],"area":861,"iscrowd":0,"image_id":50,"bbox":[163,247,41,21],"category_id":1,"id":1,"ignore":0},{"segmentation":[[221,253,239,253,239,269,221,269]],"area":288,"iscrowd":0,"image_id":50,"bbox":[221,253,18,16],"category_id":1,"id":2,"ignore":0},{"segmentation":[[279,256,297,256,297,269,279,269]],"area":234,"iscrowd":0,"image_id":50,"bbox":[279,256,18,13],"category_id":1,"id":3,"ignore":0},{"segmentation":[[263,291,306,291,306,307,263,307]],"area":688,"iscrowd":0,"image_id":50,"bbox":[263,291,43,16],"category_id":1,"id":4,"ignore":0},{"segmentation":[[263,341,286,341,286,361,263,361]],"area":460,"iscrowd":0,"image_id":50,"bbox":[263,341,23,20],"category_id":1,"id":5,"ignore":0},{"segmentation":[[309,310,322,310,322,327,309,327]],"area":221,"iscrowd":0,"image_id":50,"bbox":[309,310,13,17],"category_id":1,"id":6,"ignore":0},{"segmentation":[[353,273,380,273,380,293,353,293]],"area":540,"iscrowd":0,"image_id":50,"bbox":[353,273,27,20],"category_id":1,"id":7,"ignore":0},{"segmentation":[[383,249,410,249,410,279,383,279]],"area":810,"iscrowd":0,"image_id":51,"bbox":[383,249,27,30],"category_id":1,"id":1,"ignore":0},{"segmentation":[[393,366,425,366,425,399,393,399]],"area":1056,"iscrowd":0,"image_id":51,"bbox":[393,366,32,33],"category_id":1,"id":2,"ignore":0},{"segmentation":[[378,455,413,455,413,473,378,473]],"area":630,"iscrowd":0,"image_id":51,"bbox":[378,455,35,18],"category_id":1,"id":3,"ignore":0},{"segmentation":[[56,431,88,431,88,462,56,462]],"area":992,"iscrowd":0,"image_id":51,"bbox":[56,431,32,31],"category_id":1,"id":4,"ignore":0},{"segmentation":[[365,344,397,344,397,368,365,368]],"area":768,"iscrowd":0,"image_id":52,"bbox":[365,344,32,24],"category_id":1,"id":1,"ignore":0},{"segmentation":[[350,167,386,167,386,201,350,201]],"area":1224,"iscrowd":0,"image_id":52,"bbox":[350,167,36,34],"category_id":1,"id":2,"ignore":0},{"segmentation":[[404,317,430,317,430,339,404,339]],"area":572,"iscrowd":0,"image_id":52,"bbox":[404,317,26,22],"category_id":1,"id":3,"ignore":0},{"segmentation":[[308,359,414,359,414,421,308,421]],"area":6572,"iscrowd":0,"image_id":53,"bbox":[308,359,106,62],"category_id":1,"id":1,"ignore":0},{"segmentation":[[331,424,427,424,427,478,331,478]],"area":5184,"iscrowd":0,"image_id":53,"bbox":[331,424,96,54],"category_id":1,"id":2,"ignore":0},{"segmentation":[[185,483,216,483,216,508,185,508]],"area":775,"iscrowd":0,"image_id":54,"bbox":[185,483,31,25],"category_id":1,"id":1,"ignore":0},{"segmentation":[[119,408,152,408,152,433,119,433]],"area":825,"iscrowd":0,"image_id":54,"bbox":[119,408,33,25],"category_id":1,"id":2,"ignore":0},{"segmentation":[[110,443,142,443,142,467,110,467]],"area":768,"iscrowd":0,"image_id":54,"bbox":[110,443,32,24],"category_id":1,"id":3,"ignore":0},{"segmentation":[[207,338,251,338,251,361,207,361]],"area":1012,"iscrowd":0,"image_id":54,"bbox":[207,338,44,23],"category_id":1,"id":4,"ignore":0},{"segmentation":[[188,403,241,403,241,442,188,442]],"area":2067,"iscrowd":0,"image_id":54,"bbox":[188,403,53,39],"category_id":1,"id":5,"ignore":0},{"segmentation":[[225,479,257,479,257,498,225,498]],"area":608,"iscrowd":0,"image_id":54,"bbox":[225,479,32,19],"category_id":1,"id":6,"ignore":0},{"segmentation":[[239,111,328,111,328,203,239,203]],"area":8188,"iscrowd":0,"image_id":55,"bbox":[239,111,89,92],"category_id":1,"id":1,"ignore":0},{"segmentation":[[293,229,320,229,320,248,293,248]],"area":513,"iscrowd":0,"image_id":55,"bbox":[293,229,27,19],"category_id":1,"id":2,"ignore":0},{"segmentation":[[200,233,223,233,223,259,200,259]],"area":598,"iscrowd":0,"image_id":55,"bbox":[200,233,23,26],"category_id":1,"id":3,"ignore":0},{"segmentation":[[179,213,471,213,471,390,179,390]],"area":51684,"iscrowd":0,"image_id":56,"bbox":[179,213,292,177],"category_id":1,"id":1,"ignore":0},{"segmentation":[[86,141,348,141,348,387,86,387]],"area":64452,"iscrowd":0,"image_id":57,"bbox":[86,141,262,246],"category_id":1,"id":1,"ignore":0},{"segmentation":[[601,418,888,418,888,613,601,613]],"area":55965,"iscrowd":0,"image_id":57,"bbox":[601,418,287,195],"category_id":1,"id":2,"ignore":0},{"segmentation":[[129,320,567,320,567,637,129,637]],"area":138846,"iscrowd":0,"image_id":58,"bbox":[129,320,438,317],"category_id":1,"id":1,"ignore":0},{"segmentation":[[286,150,329,150,329,192,286,192]],"area":1806,"iscrowd":0,"image_id":59,"bbox":[286,150,43,42],"category_id":1,"id":1,"ignore":0},{"segmentation":[[255,287,285,287,285,316,255,316]],"area":870,"iscrowd":0,"image_id":59,"bbox":[255,287,30,29],"category_id":1,"id":2,"ignore":0},{"segmentation":[[313,229,338,229,338,258,313,258]],"area":725,"iscrowd":0,"image_id":59,"bbox":[313,229,25,29],"category_id":1,"id":3,"ignore":0},{"segmentation":[[301,323,345,323,345,344,301,344]],"area":924,"iscrowd":0,"image_id":59,"bbox":[301,323,44,21],"category_id":1,"id":4,"ignore":0},{"segmentation":[[297,202,328,202,328,229,297,229]],"area":837,"iscrowd":0,"image_id":60,"bbox":[297,202,31,27],"category_id":1,"id":1,"ignore":0},{"segmentation":[[212,182,236,182,236,210,212,210]],"area":672,"iscrowd":0,"image_id":60,"bbox":[212,182,24,28],"category_id":1,"id":2,"ignore":0},{"segmentation":[[257,150,297,150,297,166,257,166]],"area":640,"iscrowd":0,"image_id":60,"bbox":[257,150,40,16],"category_id":1,"id":3,"ignore":0},{"segmentation":[[409,155,459,155,459,194,409,194]],"area":1950,"iscrowd":0,"image_id":60,"bbox":[409,155,50,39],"category_id":1,"id":4,"ignore":0},{"segmentation":[[242,291,438,291,438,483,242,483]],"area":37632,"iscrowd":0,"image_id":61,"bbox":[242,291,196,192],"category_id":1,"id":1,"ignore":0},{"segmentation":[[321,115,388,115,388,180,321,180]],"area":4355,"iscrowd":0,"image_id":61,"bbox":[321,115,67,65],"category_id":1,"id":2,"ignore":0},{"segmentation":[[444,164,545,164,545,233,444,233]],"area":6969,"iscrowd":0,"image_id":61,"bbox":[444,164,101,69],"category_id":1,"id":3,"ignore":0},{"segmentation":[[380,221,465,221,465,282,380,282]],"area":5185,"iscrowd":0,"image_id":61,"bbox":[380,221,85,61],"category_id":1,"id":4,"ignore":0},{"segmentation":[[576,278,612,278,612,317,576,317]],"area":1404,"iscrowd":0,"image_id":61,"bbox":[576,278,36,39],"category_id":1,"id":5,"ignore":0},{"segmentation":[[632,468,676,468,676,517,632,517]],"area":2156,"iscrowd":0,"image_id":61,"bbox":[632,468,44,49],"category_id":1,"id":6,"ignore":0},{"segmentation":[[678,424,729,424,729,478,678,478]],"area":2754,"iscrowd":0,"image_id":61,"bbox":[678,424,51,54],"category_id":1,"id":7,"ignore":0},{"segmentation":[[310,445,361,445,361,487,310,487]],"area":2142,"iscrowd":0,"image_id":62,"bbox":[310,445,51,42],"category_id":1,"id":1,"ignore":0},{"segmentation":[[252,386,290,386,290,422,252,422]],"area":1368,"iscrowd":0,"image_id":62,"bbox":[252,386,38,36],"category_id":1,"id":2,"ignore":0},{"segmentation":[[307,388,340,388,340,410,307,410]],"area":726,"iscrowd":0,"image_id":62,"bbox":[307,388,33,22],"category_id":1,"id":3,"ignore":0},{"segmentation":[[443,208,471,208,471,248,443,248]],"area":1120,"iscrowd":0,"image_id":62,"bbox":[443,208,28,40],"category_id":1,"id":4,"ignore":0},{"segmentation":[[537,287,579,287,579,314,537,314]],"area":1134,"iscrowd":0,"image_id":62,"bbox":[537,287,42,27],"category_id":1,"id":5,"ignore":0},{"segmentation":[[664,434,717,434,717,478,664,478]],"area":2332,"iscrowd":0,"image_id":62,"bbox":[664,434,53,44],"category_id":1,"id":6,"ignore":0},{"segmentation":[[260,329,293,329,293,364,260,364]],"area":1155,"iscrowd":0,"image_id":62,"bbox":[260,329,33,35],"category_id":1,"id":7,"ignore":0},{"segmentation":[[344,267,438,267,438,296,344,296]],"area":2726,"iscrowd":0,"image_id":62,"bbox":[344,267,94,29],"category_id":1,"id":8,"ignore":0},{"segmentation":[[419,160,470,160,470,204,419,204]],"area":2244,"iscrowd":0,"image_id":63,"bbox":[419,160,51,44],"category_id":1,"id":1,"ignore":0},{"segmentation":[[279,129,324,129,324,158,279,158]],"area":1305,"iscrowd":0,"image_id":63,"bbox":[279,129,45,29],"category_id":1,"id":2,"ignore":0},{"segmentation":[[343,234,426,234,426,265,343,265]],"area":2573,"iscrowd":0,"image_id":63,"bbox":[343,234,83,31],"category_id":1,"id":3,"ignore":0},{"segmentation":[[369,190,425,190,425,231,369,231]],"area":2296,"iscrowd":0,"image_id":63,"bbox":[369,190,56,41],"category_id":1,"id":4,"ignore":0},{"segmentation":[[538,234,567,234,567,271,538,271]],"area":1073,"iscrowd":0,"image_id":63,"bbox":[538,234,29,37],"category_id":1,"id":5,"ignore":0},{"segmentation":[[664,390,707,390,707,422,664,422]],"area":1376,"iscrowd":0,"image_id":63,"bbox":[664,390,43,32],"category_id":1,"id":6,"ignore":0},{"segmentation":[[599,486,677,486,677,536,599,536]],"area":3900,"iscrowd":0,"image_id":63,"bbox":[599,486,78,50],"category_id":1,"id":7,"ignore":0},{"segmentation":[[259,352,394,352,394,448,259,448]],"area":12960,"iscrowd":0,"image_id":63,"bbox":[259,352,135,96],"category_id":1,"id":8,"ignore":0},{"segmentation":[[252,270,282,270,282,297,252,297]],"area":810,"iscrowd":0,"image_id":63,"bbox":[252,270,30,27],"category_id":1,"id":9,"ignore":0},{"segmentation":[[270,110,307,110,307,137,270,137]],"area":999,"iscrowd":0,"image_id":63,"bbox":[270,110,37,27],"category_id":1,"id":10,"ignore":0},{"segmentation":[[275,130,311,130,311,160,275,160]],"area":1080,"iscrowd":0,"image_id":64,"bbox":[275,130,36,30],"category_id":1,"id":1,"ignore":0},{"segmentation":[[330,219,410,219,410,255,330,255]],"area":2880,"iscrowd":0,"image_id":64,"bbox":[330,219,80,36],"category_id":1,"id":2,"ignore":0},{"segmentation":[[378,183,420,183,420,220,378,220]],"area":1554,"iscrowd":0,"image_id":64,"bbox":[378,183,42,37],"category_id":1,"id":3,"ignore":0},{"segmentation":[[403,144,446,144,446,186,403,186]],"area":1806,"iscrowd":0,"image_id":64,"bbox":[403,144,43,42],"category_id":1,"id":4,"ignore":0},{"segmentation":[[254,347,338,347,338,392,254,392]],"area":3780,"iscrowd":0,"image_id":64,"bbox":[254,347,84,45],"category_id":1,"id":5,"ignore":0},{"segmentation":[[313,404,354,404,354,426,313,426]],"area":902,"iscrowd":0,"image_id":64,"bbox":[313,404,41,22],"category_id":1,"id":6,"ignore":0},{"segmentation":[[360,401,378,401,378,432,360,432]],"area":558,"iscrowd":0,"image_id":64,"bbox":[360,401,18,31],"category_id":1,"id":7,"ignore":0},{"segmentation":[[343,356,359,356,359,383,343,383]],"area":432,"iscrowd":0,"image_id":64,"bbox":[343,356,16,27],"category_id":1,"id":8,"ignore":0},{"segmentation":[[597,480,628,480,628,503,597,503]],"area":713,"iscrowd":0,"image_id":64,"bbox":[597,480,31,23],"category_id":1,"id":9,"ignore":0},{"segmentation":[[654,462,683,462,683,495,654,495]],"area":957,"iscrowd":0,"image_id":64,"bbox":[654,462,29,33],"category_id":1,"id":10,"ignore":0},{"segmentation":[[631,503,675,503,675,534,631,534]],"area":1364,"iscrowd":0,"image_id":64,"bbox":[631,503,44,31],"category_id":1,"id":11,"ignore":0},{"segmentation":[[533,229,558,229,558,254,533,254]],"area":625,"iscrowd":0,"image_id":64,"bbox":[533,229,25,25],"category_id":1,"id":12,"ignore":0},{"segmentation":[[431,114,466,114,466,138,431,138]],"area":840,"iscrowd":0,"image_id":65,"bbox":[431,114,35,24],"category_id":1,"id":1,"ignore":0},{"segmentation":[[389,133,426,133,426,166,389,166]],"area":1221,"iscrowd":0,"image_id":65,"bbox":[389,133,37,33],"category_id":1,"id":2,"ignore":0},{"segmentation":[[351,140,409,140,409,177,351,177]],"area":2146,"iscrowd":0,"image_id":65,"bbox":[351,140,58,37],"category_id":1,"id":3,"ignore":0},{"segmentation":[[310,193,342,193,342,223,310,223]],"area":960,"iscrowd":0,"image_id":65,"bbox":[310,193,32,30],"category_id":1,"id":4,"ignore":0},{"segmentation":[[291,237,314,237,314,255,291,255]],"area":414,"iscrowd":0,"image_id":65,"bbox":[291,237,23,18],"category_id":1,"id":5,"ignore":0},{"segmentation":[[353,215,366,215,366,239,353,239]],"area":312,"iscrowd":0,"image_id":65,"bbox":[353,215,13,24],"category_id":1,"id":6,"ignore":0},{"segmentation":[[399,212,424,212,424,236,399,236]],"area":600,"iscrowd":0,"image_id":65,"bbox":[399,212,25,24],"category_id":1,"id":7,"ignore":0},{"segmentation":[[431,222,447,222,447,248,431,248]],"area":416,"iscrowd":0,"image_id":65,"bbox":[431,222,16,26],"category_id":1,"id":8,"ignore":0},{"segmentation":[[486,168,503,168,503,198,486,198]],"area":510,"iscrowd":0,"image_id":65,"bbox":[486,168,17,30],"category_id":1,"id":9,"ignore":0},{"segmentation":[[255,249,287,249,287,297,255,297]],"area":1536,"iscrowd":0,"image_id":65,"bbox":[255,249,32,48],"category_id":1,"id":10,"ignore":0},{"segmentation":[[470,503,496,503,496,527,470,527]],"area":624,"iscrowd":0,"image_id":65,"bbox":[470,503,26,24],"category_id":1,"id":11,"ignore":0},{"segmentation":[[414,295,443,295,443,320,414,320]],"area":725,"iscrowd":0,"image_id":66,"bbox":[414,295,29,25],"category_id":1,"id":1,"ignore":0},{"segmentation":[[417,250,439,250,439,268,417,268]],"area":396,"iscrowd":0,"image_id":66,"bbox":[417,250,22,18],"category_id":1,"id":2,"ignore":0},{"segmentation":[[412,230,440,230,440,244,412,244]],"area":392,"iscrowd":0,"image_id":66,"bbox":[412,230,28,14],"category_id":1,"id":3,"ignore":0},{"segmentation":[[363,246,381,246,381,266,363,266]],"area":360,"iscrowd":0,"image_id":66,"bbox":[363,246,18,20],"category_id":1,"id":4,"ignore":0},{"segmentation":[[336,212,373,212,373,245,336,245]],"area":1221,"iscrowd":0,"image_id":66,"bbox":[336,212,37,33],"category_id":1,"id":5,"ignore":0},{"segmentation":[[383,197,413,197,413,219,383,219]],"area":660,"iscrowd":0,"image_id":66,"bbox":[383,197,30,22],"category_id":1,"id":6,"ignore":0},{"segmentation":[[313,188,337,188,337,199,313,199]],"area":264,"iscrowd":0,"image_id":66,"bbox":[313,188,24,11],"category_id":1,"id":7,"ignore":0},{"segmentation":[[434,506,466,506,466,527,434,527]],"area":672,"iscrowd":0,"image_id":66,"bbox":[434,506,32,21],"category_id":1,"id":8,"ignore":0},{"segmentation":[[452,462,475,462,475,482,452,482]],"area":460,"iscrowd":0,"image_id":66,"bbox":[452,462,23,20],"category_id":1,"id":9,"ignore":0},{"segmentation":[[647,488,667,488,667,505,647,505]],"area":340,"iscrowd":0,"image_id":66,"bbox":[647,488,20,17],"category_id":1,"id":10,"ignore":0},{"segmentation":[[597,481,621,481,621,502,597,502]],"area":504,"iscrowd":0,"image_id":66,"bbox":[597,481,24,21],"category_id":1,"id":11,"ignore":0},{"segmentation":[[292,124,314,124,314,144,292,144]],"area":440,"iscrowd":0,"image_id":67,"bbox":[292,124,22,20],"category_id":1,"id":1,"ignore":0},{"segmentation":[[284,166,323,166,323,201,284,201]],"area":1365,"iscrowd":0,"image_id":67,"bbox":[284,166,39,35],"category_id":1,"id":2,"ignore":0},{"segmentation":[[264,210,285,210,285,224,264,224]],"area":294,"iscrowd":0,"image_id":67,"bbox":[264,210,21,14],"category_id":1,"id":3,"ignore":0},{"segmentation":[[292,230,313,230,313,248,292,248]],"area":378,"iscrowd":0,"image_id":67,"bbox":[292,230,21,18],"category_id":1,"id":4,"ignore":0},{"segmentation":[[323,193,342,193,342,218,323,218]],"area":475,"iscrowd":0,"image_id":67,"bbox":[323,193,19,25],"category_id":1,"id":5,"ignore":0},{"segmentation":[[346,198,361,198,361,218,346,218]],"area":300,"iscrowd":0,"image_id":67,"bbox":[346,198,15,20],"category_id":1,"id":6,"ignore":0},{"segmentation":[[412,211,430,211,430,230,412,230]],"area":342,"iscrowd":0,"image_id":67,"bbox":[412,211,18,19],"category_id":1,"id":7,"ignore":0},{"segmentation":[[337,106,385,106,385,144,337,144]],"area":1824,"iscrowd":0,"image_id":67,"bbox":[337,106,48,38],"category_id":1,"id":8,"ignore":0},{"segmentation":[[403,72,427,72,427,100,403,100]],"area":672,"iscrowd":0,"image_id":67,"bbox":[403,72,24,28],"category_id":1,"id":9,"ignore":0},{"segmentation":[[259,309,297,309,297,337,259,337]],"area":1064,"iscrowd":0,"image_id":68,"bbox":[259,309,38,28],"category_id":1,"id":1,"ignore":0},{"segmentation":[[243,342,267,342,267,362,243,362]],"area":480,"iscrowd":0,"image_id":68,"bbox":[243,342,24,20],"category_id":1,"id":2,"ignore":0},{"segmentation":[[278,346,305,346,305,376,278,376]],"area":810,"iscrowd":0,"image_id":68,"bbox":[278,346,27,30],"category_id":1,"id":3,"ignore":0},{"segmentation":[[258,355,277,355,277,379,258,379]],"area":456,"iscrowd":0,"image_id":68,"bbox":[258,355,19,24],"category_id":1,"id":4,"ignore":0},{"segmentation":[[275,378,295,378,295,411,275,411]],"area":660,"iscrowd":0,"image_id":68,"bbox":[275,378,20,33],"category_id":1,"id":5,"ignore":0},{"segmentation":[[298,382,337,382,337,429,298,429]],"area":1833,"iscrowd":0,"image_id":68,"bbox":[298,382,39,47],"category_id":1,"id":6,"ignore":0},{"segmentation":[[399,101,455,101,455,182,399,182]],"area":4536,"iscrowd":0,"image_id":68,"bbox":[399,101,56,81],"category_id":1,"id":7,"ignore":0},{"segmentation":[[373,113,396,113,396,132,373,132]],"area":437,"iscrowd":0,"image_id":68,"bbox":[373,113,23,19],"category_id":1,"id":8,"ignore":0},{"segmentation":[[551,261,575,261,575,281,551,281]],"area":480,"iscrowd":0,"image_id":68,"bbox":[551,261,24,20],"category_id":1,"id":9,"ignore":0},{"segmentation":[[657,470,695,470,695,505,657,505]],"area":1330,"iscrowd":0,"image_id":68,"bbox":[657,470,38,35],"category_id":1,"id":10,"ignore":0},{"segmentation":[[631,120,652,120,652,150,631,150]],"area":630,"iscrowd":0,"image_id":69,"bbox":[631,120,21,30],"category_id":1,"id":1,"ignore":0},{"segmentation":[[603,185,628,185,628,213,603,213]],"area":700,"iscrowd":0,"image_id":69,"bbox":[603,185,25,28],"category_id":1,"id":2,"ignore":0},{"segmentation":[[555,106,578,106,578,131,555,131]],"area":575,"iscrowd":0,"image_id":69,"bbox":[555,106,23,25],"category_id":1,"id":3,"ignore":0},{"segmentation":[[465,100,483,100,483,116,465,116]],"area":288,"iscrowd":0,"image_id":69,"bbox":[465,100,18,16],"category_id":1,"id":4,"ignore":0},{"segmentation":[[433,103,449,103,449,119,433,119]],"area":256,"iscrowd":0,"image_id":69,"bbox":[433,103,16,16],"category_id":1,"id":5,"ignore":0},{"segmentation":[[639,262,664,262,664,281,639,281]],"area":475,"iscrowd":0,"image_id":69,"bbox":[639,262,25,19],"category_id":1,"id":6,"ignore":0},{"segmentation":[[466,314,659,314,659,436,466,436]],"area":23546,"iscrowd":0,"image_id":69,"bbox":[466,314,193,122],"category_id":1,"id":7,"ignore":0},{"segmentation":[[623,481,668,481,668,516,623,516]],"area":1575,"iscrowd":0,"image_id":69,"bbox":[623,481,45,35],"category_id":1,"id":8,"ignore":0},{"segmentation":[[343,359,371,359,371,388,343,388]],"area":812,"iscrowd":0,"image_id":69,"bbox":[343,359,28,29],"category_id":1,"id":9,"ignore":0},{"segmentation":[[587,85,625,85,625,114,587,114]],"area":1102,"iscrowd":0,"image_id":70,"bbox":[587,85,38,29],"category_id":1,"id":1,"ignore":0},{"segmentation":[[396,95,474,95,474,124,396,124]],"area":2262,"iscrowd":0,"image_id":70,"bbox":[396,95,78,29],"category_id":1,"id":2,"ignore":0},{"segmentation":[[405,123,443,123,443,148,405,148]],"area":950,"iscrowd":0,"image_id":70,"bbox":[405,123,38,25],"category_id":1,"id":3,"ignore":0},{"segmentation":[[479,328,653,328,653,447,479,447]],"area":20706,"iscrowd":0,"image_id":70,"bbox":[479,328,174,119],"category_id":1,"id":4,"ignore":0},{"segmentation":[[627,483,659,483,659,513,627,513]],"area":960,"iscrowd":0,"image_id":70,"bbox":[627,483,32,30],"category_id":1,"id":5,"ignore":0},{"segmentation":[[328,382,368,382,368,405,328,405]],"area":920,"iscrowd":0,"image_id":70,"bbox":[328,382,40,23],"category_id":1,"id":6,"ignore":0},{"segmentation":[[456,183,482,183,482,210,456,210]],"area":702,"iscrowd":0,"image_id":71,"bbox":[456,183,26,27],"category_id":1,"id":1,"ignore":0},{"segmentation":[[387,134,413,134,413,160,387,160]],"area":676,"iscrowd":0,"image_id":71,"bbox":[387,134,26,26],"category_id":1,"id":2,"ignore":0},{"segmentation":[[595,66,624,66,624,90,595,90]],"area":696,"iscrowd":0,"image_id":71,"bbox":[595,66,29,24],"category_id":1,"id":3,"ignore":0},{"segmentation":[[545,148,577,148,577,172,545,172]],"area":768,"iscrowd":0,"image_id":71,"bbox":[545,148,32,24],"category_id":1,"id":4,"ignore":0},{"segmentation":[[436,322,581,322,581,411,436,411]],"area":12905,"iscrowd":0,"image_id":71,"bbox":[436,322,145,89],"category_id":1,"id":5,"ignore":0},{"segmentation":[[701,169,723,169,723,201,701,201]],"area":704,"iscrowd":0,"image_id":71,"bbox":[701,169,22,32],"category_id":1,"id":6,"ignore":0},{"segmentation":[[553,245,712,245,712,421,553,421]],"area":27984,"iscrowd":0,"image_id":72,"bbox":[553,245,159,176],"category_id":1,"id":1,"ignore":0},{"segmentation":[[419,342,433,342,433,355,419,355]],"area":182,"iscrowd":0,"image_id":72,"bbox":[419,342,14,13],"category_id":1,"id":2,"ignore":0},{"segmentation":[[302,425,336,425,336,445,302,445]],"area":680,"iscrowd":0,"image_id":72,"bbox":[302,425,34,20],"category_id":1,"id":3,"ignore":0},{"segmentation":[[326,462,347,462,347,481,326,481]],"area":399,"iscrowd":0,"image_id":72,"bbox":[326,462,21,19],"category_id":1,"id":4,"ignore":0},{"segmentation":[[298,493,321,493,321,517,298,517]],"area":552,"iscrowd":0,"image_id":72,"bbox":[298,493,23,24],"category_id":1,"id":5,"ignore":0},{"segmentation":[[363,462,388,462,388,509,363,509]],"area":1175,"iscrowd":0,"image_id":72,"bbox":[363,462,25,47],"category_id":1,"id":6,"ignore":0},{"segmentation":[[387,449,405,449,405,482,387,482]],"area":594,"iscrowd":0,"image_id":72,"bbox":[387,449,18,33],"category_id":1,"id":7,"ignore":0},{"segmentation":[[415,473,440,473,440,501,415,501]],"area":700,"iscrowd":0,"image_id":72,"bbox":[415,473,25,28],"category_id":1,"id":8,"ignore":0},{"segmentation":[[364,522,388,522,388,533,364,533]],"area":264,"iscrowd":0,"image_id":72,"bbox":[364,522,24,11],"category_id":1,"id":9,"ignore":0},{"segmentation":[[544,511,560,511,560,535,544,535]],"area":384,"iscrowd":0,"image_id":72,"bbox":[544,511,16,24],"category_id":1,"id":10,"ignore":0},{"segmentation":[[386,483,430,483,430,518,386,518]],"area":1540,"iscrowd":0,"image_id":73,"bbox":[386,483,44,35],"category_id":1,"id":1,"ignore":0},{"segmentation":[[338,474,369,474,369,508,338,508]],"area":1054,"iscrowd":0,"image_id":73,"bbox":[338,474,31,34],"category_id":1,"id":2,"ignore":0},{"segmentation":[[283,408,353,408,353,446,283,446]],"area":2660,"iscrowd":0,"image_id":73,"bbox":[283,408,70,38],"category_id":1,"id":3,"ignore":0},{"segmentation":[[247,388,267,388,267,420,247,420]],"area":640,"iscrowd":0,"image_id":73,"bbox":[247,388,20,32],"category_id":1,"id":4,"ignore":0},{"segmentation":[[340,429,371,429,371,461,340,461]],"area":992,"iscrowd":0,"image_id":74,"bbox":[340,429,31,32],"category_id":1,"id":1,"ignore":0},{"segmentation":[[282,404,311,404,311,449,282,449]],"area":1305,"iscrowd":0,"image_id":74,"bbox":[282,404,29,45],"category_id":1,"id":2,"ignore":0},{"segmentation":[[283,351,313,351,313,375,283,375]],"area":720,"iscrowd":0,"image_id":74,"bbox":[283,351,30,24],"category_id":1,"id":3,"ignore":0},{"segmentation":[[376,249,399,249,399,270,376,270]],"area":483,"iscrowd":0,"image_id":74,"bbox":[376,249,23,21],"category_id":1,"id":4,"ignore":0},{"segmentation":[[306,500,333,500,333,532,306,532]],"area":864,"iscrowd":0,"image_id":74,"bbox":[306,500,27,32],"category_id":1,"id":5,"ignore":0},{"segmentation":[[274,484,295,484,295,504,274,504]],"area":420,"iscrowd":0,"image_id":74,"bbox":[274,484,21,20],"category_id":1,"id":6,"ignore":0},{"segmentation":[[617,357,647,357,647,386,617,386]],"area":870,"iscrowd":0,"image_id":75,"bbox":[617,357,30,29],"category_id":1,"id":1,"ignore":0},{"segmentation":[[504,228,524,228,524,248,504,248]],"area":400,"iscrowd":0,"image_id":75,"bbox":[504,228,20,20],"category_id":1,"id":2,"ignore":0},{"segmentation":[[513,331,531,331,531,353,513,353]],"area":396,"iscrowd":0,"image_id":75,"bbox":[513,331,18,22],"category_id":1,"id":3,"ignore":0},{"segmentation":[[508,384,526,384,526,404,508,404]],"area":360,"iscrowd":0,"image_id":75,"bbox":[508,384,18,20],"category_id":1,"id":4,"ignore":0},{"segmentation":[[536,351,557,351,557,371,536,371]],"area":420,"iscrowd":0,"image_id":75,"bbox":[536,351,21,20],"category_id":1,"id":5,"ignore":0},{"segmentation":[[375,316,477,316,477,409,375,409]],"area":9486,"iscrowd":0,"image_id":75,"bbox":[375,316,102,93],"category_id":1,"id":6,"ignore":0},{"segmentation":[[353,235,424,235,424,275,353,275]],"area":2840,"iscrowd":0,"image_id":75,"bbox":[353,235,71,40],"category_id":1,"id":7,"ignore":0},{"segmentation":[[534,152,566,152,566,182,534,182]],"area":960,"iscrowd":0,"image_id":75,"bbox":[534,152,32,30],"category_id":1,"id":8,"ignore":0},{"segmentation":[[649,137,667,137,667,160,649,160]],"area":414,"iscrowd":0,"image_id":75,"bbox":[649,137,18,23],"category_id":1,"id":9,"ignore":0},{"segmentation":[[561,199,591,199,591,223,561,223]],"area":720,"iscrowd":0,"image_id":75,"bbox":[561,199,30,24],"category_id":1,"id":10,"ignore":0},{"segmentation":[[649,255,668,255,668,301,649,301]],"area":874,"iscrowd":0,"image_id":75,"bbox":[649,255,19,46],"category_id":1,"id":11,"ignore":0},{"segmentation":[[661,401,698,401,698,436,661,436]],"area":1295,"iscrowd":0,"image_id":75,"bbox":[661,401,37,35],"category_id":1,"id":12,"ignore":0},{"segmentation":[[614,336,640,336,640,364,614,364]],"area":728,"iscrowd":0,"image_id":76,"bbox":[614,336,26,28],"category_id":1,"id":1,"ignore":0},{"segmentation":[[685,416,701,416,701,438,685,438]],"area":352,"iscrowd":0,"image_id":76,"bbox":[685,416,16,22],"category_id":1,"id":2,"ignore":0},{"segmentation":[[659,400,676,400,676,418,659,418]],"area":306,"iscrowd":0,"image_id":76,"bbox":[659,400,17,18],"category_id":1,"id":3,"ignore":0},{"segmentation":[[633,442,656,442,656,466,633,466]],"area":552,"iscrowd":0,"image_id":76,"bbox":[633,442,23,24],"category_id":1,"id":4,"ignore":0},{"segmentation":[[498,373,520,373,520,397,498,397]],"area":528,"iscrowd":0,"image_id":76,"bbox":[498,373,22,24],"category_id":1,"id":5,"ignore":0},{"segmentation":[[499,315,522,315,522,340,499,340]],"area":575,"iscrowd":0,"image_id":76,"bbox":[499,315,23,25],"category_id":1,"id":6,"ignore":0},{"segmentation":[[359,295,468,295,468,405,359,405]],"area":11990,"iscrowd":0,"image_id":76,"bbox":[359,295,109,110],"category_id":1,"id":7,"ignore":0},{"segmentation":[[345,219,413,219,413,254,345,254]],"area":2380,"iscrowd":0,"image_id":76,"bbox":[345,219,68,35],"category_id":1,"id":8,"ignore":0},{"segmentation":[[519,125,555,125,555,160,519,160]],"area":1260,"iscrowd":0,"image_id":76,"bbox":[519,125,36,35],"category_id":1,"id":9,"ignore":0},{"segmentation":[[644,135,678,135,678,171,644,171]],"area":1224,"iscrowd":0,"image_id":76,"bbox":[644,135,34,36],"category_id":1,"id":10,"ignore":0},{"segmentation":[[286,165,364,165,364,207,286,207]],"area":3276,"iscrowd":0,"image_id":77,"bbox":[286,165,78,42],"category_id":1,"id":1,"ignore":0},{"segmentation":[[331,238,440,238,440,359,331,359]],"area":13189,"iscrowd":0,"image_id":77,"bbox":[331,238,109,121],"category_id":1,"id":2,"ignore":0},{"segmentation":[[439,148,463,148,463,170,439,170]],"area":528,"iscrowd":0,"image_id":77,"bbox":[439,148,24,22],"category_id":1,"id":3,"ignore":0},{"segmentation":[[478,173,503,173,503,190,478,190]],"area":425,"iscrowd":0,"image_id":77,"bbox":[478,173,25,17],"category_id":1,"id":4,"ignore":0},{"segmentation":[[511,127,528,127,528,158,511,158]],"area":527,"iscrowd":0,"image_id":77,"bbox":[511,127,17,31],"category_id":1,"id":5,"ignore":0},{"segmentation":[[537,145,549,145,549,170,537,170]],"area":300,"iscrowd":0,"image_id":77,"bbox":[537,145,12,25],"category_id":1,"id":6,"ignore":0},{"segmentation":[[554,141,572,141,572,185,554,185]],"area":792,"iscrowd":0,"image_id":77,"bbox":[554,141,18,44],"category_id":1,"id":7,"ignore":0},{"segmentation":[[599,182,631,182,631,234,599,234]],"area":1664,"iscrowd":0,"image_id":77,"bbox":[599,182,32,52],"category_id":1,"id":8,"ignore":0},{"segmentation":[[640,119,667,119,667,165,640,165]],"area":1242,"iscrowd":0,"image_id":77,"bbox":[640,119,27,46],"category_id":1,"id":9,"ignore":0},{"segmentation":[[571,289,607,289,607,339,571,339]],"area":1800,"iscrowd":0,"image_id":77,"bbox":[571,289,36,50],"category_id":1,"id":10,"ignore":0},{"segmentation":[[620,324,649,324,649,343,620,343]],"area":551,"iscrowd":0,"image_id":77,"bbox":[620,324,29,19],"category_id":1,"id":11,"ignore":0},{"segmentation":[[609,362,645,362,645,392,609,392]],"area":1080,"iscrowd":0,"image_id":77,"bbox":[609,362,36,30],"category_id":1,"id":12,"ignore":0},{"segmentation":[[658,335,680,335,680,357,658,357]],"area":484,"iscrowd":0,"image_id":77,"bbox":[658,335,22,22],"category_id":1,"id":13,"ignore":0},{"segmentation":[[462,274,483,274,483,295,462,295]],"area":441,"iscrowd":0,"image_id":77,"bbox":[462,274,21,21],"category_id":1,"id":14,"ignore":0},{"segmentation":[[532,344,571,344,571,398,532,398]],"area":2106,"iscrowd":0,"image_id":78,"bbox":[532,344,39,54],"category_id":1,"id":1,"ignore":0},{"segmentation":[[491,339,518,339,518,378,491,378]],"area":1053,"iscrowd":0,"image_id":78,"bbox":[491,339,27,39],"category_id":1,"id":2,"ignore":0},{"segmentation":[[467,196,497,196,497,217,467,217]],"area":630,"iscrowd":0,"image_id":78,"bbox":[467,196,30,21],"category_id":1,"id":3,"ignore":0},{"segmentation":[[435,169,470,169,470,194,435,194]],"area":875,"iscrowd":0,"image_id":78,"bbox":[435,169,35,25],"category_id":1,"id":4,"ignore":0},{"segmentation":[[557,204,582,204,582,229,557,229]],"area":625,"iscrowd":0,"image_id":78,"bbox":[557,204,25,25],"category_id":1,"id":5,"ignore":0},{"segmentation":[[581,185,605,185,605,214,581,214]],"area":696,"iscrowd":0,"image_id":78,"bbox":[581,185,24,29],"category_id":1,"id":6,"ignore":0},{"segmentation":[[631,192,651,192,651,209,631,209]],"area":340,"iscrowd":0,"image_id":78,"bbox":[631,192,20,17],"category_id":1,"id":7,"ignore":0},{"segmentation":[[680,257,702,257,702,289,680,289]],"area":704,"iscrowd":0,"image_id":78,"bbox":[680,257,22,32],"category_id":1,"id":8,"ignore":0},{"segmentation":[[665,292,687,292,687,312,665,312]],"area":440,"iscrowd":0,"image_id":78,"bbox":[665,292,22,20],"category_id":1,"id":9,"ignore":0},{"segmentation":[[679,315,693,315,693,336,679,336]],"area":294,"iscrowd":0,"image_id":78,"bbox":[679,315,14,21],"category_id":1,"id":10,"ignore":0},{"segmentation":[[691,327,714,327,714,350,691,350]],"area":529,"iscrowd":0,"image_id":78,"bbox":[691,327,23,23],"category_id":1,"id":11,"ignore":0},{"segmentation":[[609,422,659,422,659,478,609,478]],"area":2800,"iscrowd":0,"image_id":78,"bbox":[609,422,50,56],"category_id":1,"id":12,"ignore":0},{"segmentation":[[375,232,501,232,501,365,375,365]],"area":16758,"iscrowd":0,"image_id":78,"bbox":[375,232,126,133],"category_id":1,"id":13,"ignore":0},{"segmentation":[[404,103,438,103,438,132,404,132]],"area":986,"iscrowd":0,"image_id":78,"bbox":[404,103,34,29],"category_id":1,"id":14,"ignore":0},{"segmentation":[[375,141,439,141,439,177,375,177]],"area":2304,"iscrowd":0,"image_id":78,"bbox":[375,141,64,36],"category_id":1,"id":15,"ignore":0},{"segmentation":[[567,191,597,191,597,220,567,220]],"area":870,"iscrowd":0,"image_id":79,"bbox":[567,191,30,29],"category_id":1,"id":1,"ignore":0},{"segmentation":[[541,340,573,340,573,402,541,402]],"area":1984,"iscrowd":0,"image_id":79,"bbox":[541,340,32,62],"category_id":1,"id":2,"ignore":0},{"segmentation":[[670,262,707,262,707,298,670,298]],"area":1332,"iscrowd":0,"image_id":79,"bbox":[670,262,37,36],"category_id":1,"id":3,"ignore":0},{"segmentation":[[661,302,680,302,680,316,661,316]],"area":266,"iscrowd":0,"image_id":79,"bbox":[661,302,19,14],"category_id":1,"id":4,"ignore":0},{"segmentation":[[677,319,706,319,706,347,677,347]],"area":812,"iscrowd":0,"image_id":79,"bbox":[677,319,29,28],"category_id":1,"id":5,"ignore":0},{"segmentation":[[377,231,512,231,512,371,377,371]],"area":18900,"iscrowd":0,"image_id":79,"bbox":[377,231,135,140],"category_id":1,"id":6,"ignore":0},{"segmentation":[[446,143,502,143,502,204,446,204]],"area":3416,"iscrowd":0,"image_id":79,"bbox":[446,143,56,61],"category_id":1,"id":7,"ignore":0},{"segmentation":[[600,434,675,434,675,513,600,513]],"area":5925,"iscrowd":0,"image_id":79,"bbox":[600,434,75,79],"category_id":1,"id":8,"ignore":0},{"segmentation":[[396,330,519,330,519,474,396,474]],"area":17712,"iscrowd":0,"image_id":80,"bbox":[396,330,123,144],"category_id":1,"id":1,"ignore":0},{"segmentation":[[369,248,392,248,392,268,369,268]],"area":460,"iscrowd":0,"image_id":80,"bbox":[369,248,23,20],"category_id":1,"id":2,"ignore":0},{"segmentation":[[257,388,280,388,280,413,257,413]],"area":575,"iscrowd":0,"image_id":80,"bbox":[257,388,23,25],"category_id":1,"id":3,"ignore":0},{"segmentation":[[510,194,536,194,536,211,510,211]],"area":442,"iscrowd":0,"image_id":80,"bbox":[510,194,26,17],"category_id":1,"id":4,"ignore":0},{"segmentation":[[446,134,486,134,486,168,446,168]],"area":1360,"iscrowd":0,"image_id":80,"bbox":[446,134,40,34],"category_id":1,"id":5,"ignore":0},{"segmentation":[[538,148,609,148,609,205,538,205]],"area":4047,"iscrowd":0,"image_id":80,"bbox":[538,148,71,57],"category_id":1,"id":6,"ignore":0},{"segmentation":[[586,418,611,418,611,444,586,444]],"area":650,"iscrowd":0,"image_id":80,"bbox":[586,418,25,26],"category_id":1,"id":7,"ignore":0},{"segmentation":[[621,323,650,323,650,357,621,357]],"area":986,"iscrowd":0,"image_id":80,"bbox":[621,323,29,34],"category_id":1,"id":8,"ignore":0},{"segmentation":[[619,272,648,272,648,291,619,291]],"area":551,"iscrowd":0,"image_id":80,"bbox":[619,272,29,19],"category_id":1,"id":9,"ignore":0},{"segmentation":[[581,312,601,312,601,335,581,335]],"area":460,"iscrowd":0,"image_id":80,"bbox":[581,312,20,23],"category_id":1,"id":10,"ignore":0},{"segmentation":[[399,320,476,320,476,414,399,414]],"area":7238,"iscrowd":0,"image_id":81,"bbox":[399,320,77,94],"category_id":1,"id":1,"ignore":0},{"segmentation":[[290,97,324,97,324,121,290,121]],"area":816,"iscrowd":0,"image_id":81,"bbox":[290,97,34,24],"category_id":1,"id":2,"ignore":0},{"segmentation":[[368,79,386,79,386,95,368,95]],"area":288,"iscrowd":0,"image_id":81,"bbox":[368,79,18,16],"category_id":1,"id":3,"ignore":0},{"segmentation":[[447,176,478,176,478,200,447,200]],"area":744,"iscrowd":0,"image_id":81,"bbox":[447,176,31,24],"category_id":1,"id":4,"ignore":0},{"segmentation":[[498,154,547,154,547,208,498,208]],"area":2646,"iscrowd":0,"image_id":81,"bbox":[498,154,49,54],"category_id":1,"id":5,"ignore":0},{"segmentation":[[259,378,301,378,301,405,259,405]],"area":1134,"iscrowd":0,"image_id":81,"bbox":[259,378,42,27],"category_id":1,"id":6,"ignore":0},{"segmentation":[[435,250,494,250,494,284,435,284]],"area":2006,"iscrowd":0,"image_id":81,"bbox":[435,250,59,34],"category_id":1,"id":7,"ignore":0},{"segmentation":[[408,223,435,223,435,243,408,243]],"area":540,"iscrowd":0,"image_id":81,"bbox":[408,223,27,20],"category_id":1,"id":8,"ignore":0},{"segmentation":[[661,401,693,401,693,431,661,431]],"area":960,"iscrowd":0,"image_id":81,"bbox":[661,401,32,30],"category_id":1,"id":9,"ignore":0},{"segmentation":[[670,454,696,454,696,476,670,476]],"area":572,"iscrowd":0,"image_id":81,"bbox":[670,454,26,22],"category_id":1,"id":10,"ignore":0},{"segmentation":[[623,509,673,509,673,539,623,539]],"area":1500,"iscrowd":0,"image_id":81,"bbox":[623,509,50,30],"category_id":1,"id":11,"ignore":0},{"segmentation":[[594,203,610,203,610,225,594,225]],"area":352,"iscrowd":0,"image_id":81,"bbox":[594,203,16,22],"category_id":1,"id":12,"ignore":0},{"segmentation":[[576,385,606,385,606,419,576,419]],"area":1020,"iscrowd":0,"image_id":81,"bbox":[576,385,30,34],"category_id":1,"id":13,"ignore":0},{"segmentation":[[271,377,291,377,291,397,271,397]],"area":400,"iscrowd":0,"image_id":82,"bbox":[271,377,20,20],"category_id":1,"id":1,"ignore":0},{"segmentation":[[315,323,347,323,347,348,315,348]],"area":800,"iscrowd":0,"image_id":82,"bbox":[315,323,32,25],"category_id":1,"id":2,"ignore":0},{"segmentation":[[287,111,322,111,322,130,287,130]],"area":665,"iscrowd":0,"image_id":82,"bbox":[287,111,35,19],"category_id":1,"id":3,"ignore":0},{"segmentation":[[577,202,604,202,604,236,577,236]],"area":918,"iscrowd":0,"image_id":82,"bbox":[577,202,27,34],"category_id":1,"id":4,"ignore":0},{"segmentation":[[470,165,539,165,539,219,470,219]],"area":3726,"iscrowd":0,"image_id":82,"bbox":[470,165,69,54],"category_id":1,"id":5,"ignore":0},{"segmentation":[[414,249,488,249,488,289,414,289]],"area":2960,"iscrowd":0,"image_id":82,"bbox":[414,249,74,40],"category_id":1,"id":6,"ignore":0},{"segmentation":[[565,388,592,388,592,411,565,411]],"area":621,"iscrowd":0,"image_id":82,"bbox":[565,388,27,23],"category_id":1,"id":7,"ignore":0},{"segmentation":[[376,332,474,332,474,405,376,405]],"area":7154,"iscrowd":0,"image_id":82,"bbox":[376,332,98,73],"category_id":1,"id":8,"ignore":0},{"segmentation":[[646,403,699,403,699,478,646,478]],"area":3975,"iscrowd":0,"image_id":82,"bbox":[646,403,53,75],"category_id":1,"id":9,"ignore":0},{"segmentation":[[624,513,663,513,663,538,624,538]],"area":975,"iscrowd":0,"image_id":82,"bbox":[624,513,39,25],"category_id":1,"id":10,"ignore":0},{"segmentation":[[278,113,311,113,311,149,278,149]],"area":1188,"iscrowd":0,"image_id":83,"bbox":[278,113,33,36],"category_id":1,"id":1,"ignore":0},{"segmentation":[[391,338,462,338,462,421,391,421]],"area":5893,"iscrowd":0,"image_id":83,"bbox":[391,338,71,83],"category_id":1,"id":2,"ignore":0},{"segmentation":[[651,408,681,408,681,441,651,441]],"area":990,"iscrowd":0,"image_id":83,"bbox":[651,408,30,33],"category_id":1,"id":3,"ignore":0},{"segmentation":[[655,455,683,455,683,479,655,479]],"area":672,"iscrowd":0,"image_id":83,"bbox":[655,455,28,24],"category_id":1,"id":4,"ignore":0},{"segmentation":[[585,447,603,447,603,461,585,461]],"area":252,"iscrowd":0,"image_id":83,"bbox":[585,447,18,14],"category_id":1,"id":5,"ignore":0},{"segmentation":[[566,466,600,466,600,492,566,492]],"area":884,"iscrowd":0,"image_id":83,"bbox":[566,466,34,26],"category_id":1,"id":6,"ignore":0},{"segmentation":[[560,382,590,382,590,411,560,411]],"area":870,"iscrowd":0,"image_id":83,"bbox":[560,382,30,29],"category_id":1,"id":7,"ignore":0},{"segmentation":[[567,209,593,209,593,235,567,235]],"area":676,"iscrowd":0,"image_id":83,"bbox":[567,209,26,26],"category_id":1,"id":8,"ignore":0},{"segmentation":[[471,163,534,163,534,228,471,228]],"area":4095,"iscrowd":0,"image_id":83,"bbox":[471,163,63,65],"category_id":1,"id":9,"ignore":0},{"segmentation":[[420,239,487,239,487,284,420,284]],"area":3015,"iscrowd":0,"image_id":83,"bbox":[420,239,67,45],"category_id":1,"id":10,"ignore":0},{"segmentation":[[597,498,621,498,621,521,597,521]],"area":552,"iscrowd":0,"image_id":83,"bbox":[597,498,24,23],"category_id":1,"id":11,"ignore":0},{"segmentation":[[628,407,660,407,660,439,628,439]],"area":1024,"iscrowd":0,"image_id":84,"bbox":[628,407,32,32],"category_id":1,"id":1,"ignore":0},{"segmentation":[[557,225,583,225,583,258,557,258]],"area":858,"iscrowd":0,"image_id":84,"bbox":[557,225,26,33],"category_id":1,"id":2,"ignore":0},{"segmentation":[[473,176,536,176,536,234,473,234]],"area":3654,"iscrowd":0,"image_id":84,"bbox":[473,176,63,58],"category_id":1,"id":3,"ignore":0},{"segmentation":[[424,258,486,258,486,287,424,287]],"area":1798,"iscrowd":0,"image_id":84,"bbox":[424,258,62,29],"category_id":1,"id":4,"ignore":0},{"segmentation":[[318,325,345,325,345,346,318,346]],"area":567,"iscrowd":0,"image_id":84,"bbox":[318,325,27,21],"category_id":1,"id":5,"ignore":0},{"segmentation":[[291,130,321,130,321,149,291,149]],"area":570,"iscrowd":0,"image_id":84,"bbox":[291,130,30,19],"category_id":1,"id":6,"ignore":0},{"segmentation":[[277,379,304,379,304,403,277,403]],"area":648,"iscrowd":0,"image_id":84,"bbox":[277,379,27,24],"category_id":1,"id":7,"ignore":0},{"segmentation":[[378,320,459,320,459,401,378,401]],"area":6561,"iscrowd":0,"image_id":84,"bbox":[378,320,81,81],"category_id":1,"id":8,"ignore":0},{"segmentation":[[581,476,614,476,614,524,581,524]],"area":1584,"iscrowd":0,"image_id":84,"bbox":[581,476,33,48],"category_id":1,"id":9,"ignore":0},{"segmentation":[[607,504,649,504,649,533,607,533]],"area":1218,"iscrowd":0,"image_id":84,"bbox":[607,504,42,29],"category_id":1,"id":10,"ignore":0},{"segmentation":[[537,433,590,433,590,485,537,485]],"area":2756,"iscrowd":0,"image_id":84,"bbox":[537,433,53,52],"category_id":1,"id":11,"ignore":0},{"segmentation":[[498,420,678,420,678,532,498,532]],"area":20160,"iscrowd":0,"image_id":85,"bbox":[498,420,180,112],"category_id":1,"id":1,"ignore":0},{"segmentation":[[727,564,770,564,770,598,727,598]],"area":1462,"iscrowd":0,"image_id":85,"bbox":[727,564,43,34],"category_id":1,"id":2,"ignore":0},{"segmentation":[[593,665,641,665,641,693,593,693]],"area":1344,"iscrowd":0,"image_id":85,"bbox":[593,665,48,28],"category_id":1,"id":3,"ignore":0},{"segmentation":[[514,518,593,518,593,591,514,591]],"area":5767,"iscrowd":0,"image_id":85,"bbox":[514,518,79,73],"category_id":1,"id":4,"ignore":0},{"segmentation":[[818,10,965,10,965,120,818,120]],"area":16170,"iscrowd":0,"image_id":86,"bbox":[818,10,147,110],"category_id":1,"id":1,"ignore":0},{"segmentation":[[1215,408,1286,408,1286,502,1215,502]],"area":6674,"iscrowd":0,"image_id":87,"bbox":[1215,408,71,94],"category_id":1,"id":1,"ignore":0},{"segmentation":[[894,468,944,468,944,525,894,525]],"area":2850,"iscrowd":0,"image_id":87,"bbox":[894,468,50,57],"category_id":1,"id":2,"ignore":0},{"segmentation":[[1075,548,1132,548,1132,607,1075,607]],"area":3363,"iscrowd":0,"image_id":87,"bbox":[1075,548,57,59],"category_id":1,"id":3,"ignore":0},{"segmentation":[[807,237,850,237,850,295,807,295]],"area":2494,"iscrowd":0,"image_id":87,"bbox":[807,237,43,58],"category_id":1,"id":4,"ignore":0},{"segmentation":[[696,306,833,306,833,559,696,559]],"area":34661,"iscrowd":0,"image_id":88,"bbox":[696,306,137,253],"category_id":1,"id":1,"ignore":0},{"segmentation":[[366,246,703,246,703,443,366,443]],"area":66389,"iscrowd":0,"image_id":88,"bbox":[366,246,337,197],"category_id":1,"id":2,"ignore":0},{"segmentation":[[114,377,159,377,159,415,114,415]],"area":1710,"iscrowd":0,"image_id":89,"bbox":[114,377,45,38],"category_id":1,"id":1,"ignore":0},{"segmentation":[[207,310,241,310,241,347,207,347]],"area":1258,"iscrowd":0,"image_id":89,"bbox":[207,310,34,37],"category_id":1,"id":2,"ignore":0},{"segmentation":[[259,303,296,303,296,354,259,354]],"area":1887,"iscrowd":0,"image_id":89,"bbox":[259,303,37,51],"category_id":1,"id":3,"ignore":0},{"segmentation":[[236,450,279,450,279,526,236,526]],"area":3268,"iscrowd":0,"image_id":90,"bbox":[236,450,43,76],"category_id":1,"id":1,"ignore":0},{"segmentation":[[245,635,294,635,294,691,245,691]],"area":2744,"iscrowd":0,"image_id":90,"bbox":[245,635,49,56],"category_id":1,"id":2,"ignore":0},{"segmentation":[[140,280,192,280,192,363,140,363]],"area":4316,"iscrowd":0,"image_id":90,"bbox":[140,280,52,83],"category_id":1,"id":3,"ignore":0},{"segmentation":[[138,474,195,474,195,548,138,548]],"area":4218,"iscrowd":0,"image_id":90,"bbox":[138,474,57,74],"category_id":1,"id":4,"ignore":0},{"segmentation":[[224,165,306,165,306,281,224,281]],"area":9512,"iscrowd":0,"image_id":91,"bbox":[224,165,82,116],"category_id":1,"id":1,"ignore":0},{"segmentation":[[107,233,185,233,185,305,107,305]],"area":5616,"iscrowd":0,"image_id":91,"bbox":[107,233,78,72],"category_id":1,"id":2,"ignore":0},{"segmentation":[[190,414,268,414,268,493,190,493]],"area":6162,"iscrowd":0,"image_id":91,"bbox":[190,414,78,79],"category_id":1,"id":3,"ignore":0},{"segmentation":[[178,200,212,200,212,228,178,228]],"area":952,"iscrowd":0,"image_id":92,"bbox":[178,200,34,28],"category_id":1,"id":1,"ignore":0},{"segmentation":[[222,216,261,216,261,242,222,242]],"area":1014,"iscrowd":0,"image_id":92,"bbox":[222,216,39,26],"category_id":1,"id":2,"ignore":0},{"segmentation":[[155,203,188,203,188,232,155,232]],"area":957,"iscrowd":0,"image_id":92,"bbox":[155,203,33,29],"category_id":1,"id":3,"ignore":0},{"segmentation":[[122,51,156,51,156,75,122,75]],"area":816,"iscrowd":0,"image_id":93,"bbox":[122,51,34,24],"category_id":1,"id":1,"ignore":0},{"segmentation":[[127,307,155,307,155,328,127,328]],"area":588,"iscrowd":0,"image_id":93,"bbox":[127,307,28,21],"category_id":1,"id":2,"ignore":0},{"segmentation":[[85,259,105,259,105,292,85,292]],"area":660,"iscrowd":0,"image_id":93,"bbox":[85,259,20,33],"category_id":1,"id":3,"ignore":0},{"segmentation":[[160,343,187,343,187,366,160,366]],"area":621,"iscrowd":0,"image_id":93,"bbox":[160,343,27,23],"category_id":1,"id":4,"ignore":0},{"segmentation":[[96,140,114,140,114,157,96,157]],"area":306,"iscrowd":0,"image_id":93,"bbox":[96,140,18,17],"category_id":1,"id":5,"ignore":0},{"segmentation":[[148,255,169,255,169,274,148,274]],"area":399,"iscrowd":0,"image_id":93,"bbox":[148,255,21,19],"category_id":1,"id":6,"ignore":0},{"segmentation":[[334,364,397,364,397,451,334,451]],"area":5481,"iscrowd":0,"image_id":94,"bbox":[334,364,63,87],"category_id":1,"id":1,"ignore":0},{"segmentation":[[227,383,249,383,249,413,227,413]],"area":660,"iscrowd":0,"image_id":94,"bbox":[227,383,22,30],"category_id":1,"id":2,"ignore":0},{"segmentation":[[245,376,273,376,273,404,245,404]],"area":784,"iscrowd":0,"image_id":94,"bbox":[245,376,28,28],"category_id":1,"id":3,"ignore":0},{"segmentation":[[267,265,295,265,295,303,267,303]],"area":1064,"iscrowd":0,"image_id":94,"bbox":[267,265,28,38],"category_id":1,"id":4,"ignore":0},{"segmentation":[[389,161,409,161,409,189,389,189]],"area":560,"iscrowd":0,"image_id":94,"bbox":[389,161,20,28],"category_id":1,"id":5,"ignore":0},{"segmentation":[[407,228,424,228,424,256,407,256]],"area":476,"iscrowd":0,"image_id":94,"bbox":[407,228,17,28],"category_id":1,"id":6,"ignore":0},{"segmentation":[[581,151,610,151,610,183,581,183]],"area":928,"iscrowd":0,"image_id":95,"bbox":[581,151,29,32],"category_id":1,"id":1,"ignore":0},{"segmentation":[[294,53,391,53,391,140,294,140]],"area":8439,"iscrowd":0,"image_id":95,"bbox":[294,53,97,87],"category_id":1,"id":2,"ignore":0},{"segmentation":[[403,29,484,29,484,92,403,92]],"area":5103,"iscrowd":0,"image_id":95,"bbox":[403,29,81,63],"category_id":1,"id":3,"ignore":0},{"segmentation":[[431,187,478,187,478,222,431,222]],"area":1645,"iscrowd":0,"image_id":95,"bbox":[431,187,47,35],"category_id":1,"id":4,"ignore":0},{"segmentation":[[451,148,480,148,480,173,451,173]],"area":725,"iscrowd":0,"image_id":95,"bbox":[451,148,29,25],"category_id":1,"id":5,"ignore":0},{"segmentation":[[434,127,474,127,474,150,434,150]],"area":920,"iscrowd":0,"image_id":96,"bbox":[434,127,40,23],"category_id":1,"id":1,"ignore":0},{"segmentation":[[439,147,481,147,481,176,439,176]],"area":1218,"iscrowd":0,"image_id":96,"bbox":[439,147,42,29],"category_id":1,"id":2,"ignore":0},{"segmentation":[[362,142,400,142,400,171,362,171]],"area":1102,"iscrowd":0,"image_id":96,"bbox":[362,142,38,29],"category_id":1,"id":3,"ignore":0},{"segmentation":[[368,165,405,165,405,210,368,210]],"area":1665,"iscrowd":0,"image_id":96,"bbox":[368,165,37,45],"category_id":1,"id":4,"ignore":0},{"segmentation":[[266,173,326,173,326,201,266,201]],"area":1680,"iscrowd":0,"image_id":96,"bbox":[266,173,60,28],"category_id":1,"id":5,"ignore":0},{"segmentation":[[273,199,328,199,328,223,273,223]],"area":1320,"iscrowd":0,"image_id":96,"bbox":[273,199,55,24],"category_id":1,"id":6,"ignore":0},{"segmentation":[[253,238,279,238,279,272,253,272]],"area":884,"iscrowd":0,"image_id":96,"bbox":[253,238,26,34],"category_id":1,"id":7,"ignore":0},{"segmentation":[[256,269,287,269,287,306,256,306]],"area":1147,"iscrowd":0,"image_id":96,"bbox":[256,269,31,37],"category_id":1,"id":8,"ignore":0},{"segmentation":[[215,33,252,33,252,74,215,74]],"area":1517,"iscrowd":0,"image_id":96,"bbox":[215,33,37,41],"category_id":1,"id":9,"ignore":0},{"segmentation":[[442,204,469,204,469,243,442,243]],"area":1053,"iscrowd":0,"image_id":96,"bbox":[442,204,27,39],"category_id":1,"id":10,"ignore":0},{"segmentation":[[356,226,384,226,384,263,356,263]],"area":1036,"iscrowd":0,"image_id":96,"bbox":[356,226,28,37],"category_id":1,"id":11,"ignore":0},{"segmentation":[[141,286,169,286,169,317,141,317]],"area":868,"iscrowd":0,"image_id":97,"bbox":[141,286,28,31],"category_id":1,"id":1,"ignore":0},{"segmentation":[[153,312,194,312,194,350,153,350]],"area":1558,"iscrowd":0,"image_id":97,"bbox":[153,312,41,38],"category_id":1,"id":2,"ignore":0},{"segmentation":[[332,142,387,142,387,198,332,198]],"area":3080,"iscrowd":0,"image_id":97,"bbox":[332,142,55,56],"category_id":1,"id":3,"ignore":0},{"segmentation":[[488,281,522,281,522,320,488,320]],"area":1326,"iscrowd":0,"image_id":97,"bbox":[488,281,34,39],"category_id":1,"id":4,"ignore":0},{"segmentation":[[381,235,420,235,420,257,381,257]],"area":858,"iscrowd":0,"image_id":97,"bbox":[381,235,39,22],"category_id":1,"id":5,"ignore":0},{"segmentation":[[161,143,202,143,202,193,161,193]],"area":2050,"iscrowd":0,"image_id":97,"bbox":[161,143,41,50],"category_id":1,"id":6,"ignore":0},{"segmentation":[[144,208,197,208,197,242,144,242]],"area":1802,"iscrowd":0,"image_id":98,"bbox":[144,208,53,34],"category_id":1,"id":1,"ignore":0},{"segmentation":[[159,240,213,240,213,277,159,277]],"area":1998,"iscrowd":0,"image_id":98,"bbox":[159,240,54,37],"category_id":1,"id":2,"ignore":0},{"segmentation":[[183,78,233,78,233,140,183,140]],"area":3100,"iscrowd":0,"image_id":98,"bbox":[183,78,50,62],"category_id":1,"id":3,"ignore":0},{"segmentation":[[337,109,418,109,418,166,337,166]],"area":4617,"iscrowd":0,"image_id":98,"bbox":[337,109,81,57],"category_id":1,"id":4,"ignore":0},{"segmentation":[[144,148,196,148,196,192,144,192]],"area":2288,"iscrowd":0,"image_id":99,"bbox":[144,148,52,44],"category_id":1,"id":1,"ignore":0},{"segmentation":[[186,41,259,41,259,106,186,106]],"area":4745,"iscrowd":0,"image_id":99,"bbox":[186,41,73,65],"category_id":1,"id":2,"ignore":0},{"segmentation":[[333,109,421,109,421,210,333,210]],"area":8888,"iscrowd":0,"image_id":99,"bbox":[333,109,88,101],"category_id":1,"id":3,"ignore":0},{"segmentation":[[150,192,209,192,209,219,150,219]],"area":1593,"iscrowd":0,"image_id":99,"bbox":[150,192,59,27],"category_id":1,"id":4,"ignore":0},{"segmentation":[[622,694,645,694,645,717,622,717]],"area":529,"iscrowd":0,"image_id":100,"bbox":[622,694,23,23],"category_id":1,"id":1,"ignore":0},{"segmentation":[[621,741,657,741,657,764,621,764]],"area":828,"iscrowd":0,"image_id":100,"bbox":[621,741,36,23],"category_id":1,"id":2,"ignore":0},{"segmentation":[[651,769,678,769,678,785,651,785]],"area":432,"iscrowd":0,"image_id":100,"bbox":[651,769,27,16],"category_id":1,"id":3,"ignore":0},{"segmentation":[[679,777,699,777,699,801,679,801]],"area":480,"iscrowd":0,"image_id":100,"bbox":[679,777,20,24],"category_id":1,"id":4,"ignore":0},{"segmentation":[[701,793,726,793,726,817,701,817]],"area":600,"iscrowd":0,"image_id":100,"bbox":[701,793,25,24],"category_id":1,"id":5,"ignore":0},{"segmentation":[[657,678,676,678,676,695,657,695]],"area":323,"iscrowd":0,"image_id":100,"bbox":[657,678,19,17],"category_id":1,"id":6,"ignore":0}],"categories":[{"supercategory":"none","id":1,"name":"uncategorized"}]}